review_order	ascii_fold	exact_family_members	current_master_paths	human_decision	approved_destination	human_reason	decision_status
1	lowerarm_left	lowerArm_left; lowerarm_left	lowerArm_left -> groupFile/Arms/LeftArm; lowerarm_left -> groupFile/Arms/LeftArm	KEEP_CURRENT	groupFile/Arms/LeftArm	Bare primary lower-arm segment bone; no twist/helper/adjust/deformation qualifier anywhere in either exact spelling; parentage under upperarm supports primary anatomical role. Must not enter Helpers.	HUMAN_APPROVED
2	lowerarm_right	lowerArm_right; lowerarm_right	lowerArm_right -> groupFile/Arms/RightArm; lowerarm_right -> groupFile/Arms/RightArm	KEEP_CURRENT	groupFile/Arms/RightArm	Bare primary lower-arm segment bone; no twist/helper/adjust/deformation qualifier anywhere in either exact spelling; parentage under upperarm supports primary anatomical role. Must not enter Helpers.	HUMAN_APPROVED
3	arm left elbow adj 1	arm left elbow adj 1; Arm Left Elbow Adj 1	arm left elbow adj 1 -> groupFile/Arms/LeftArm; Arm Left Elbow Adj 1 -> groupFile/Arms/LeftArm	HELPERS	groupFile/Helpers	"Contains an explicit ""Adj""/""Adjuster"" token -- Silkworm filed it under a generic helper branch, but the name itself more specifically suggests a corrective/pose-fix function (adjusting skin at a joint) rather than a generic twist-distribution bone."	HUMAN_APPROVED
4	arm left elbow adj 2	arm left elbow adj 2; Arm Left Elbow Adj 2	arm left elbow adj 2 -> groupFile/Arms/LeftArm; Arm Left Elbow Adj 2 -> groupFile/Arms/LeftArm	HELPERS	groupFile/Helpers	"Contains an explicit ""Adj""/""Adjuster"" token -- Silkworm filed it under a generic helper branch, but the name itself more specifically suggests a corrective/pose-fix function (adjusting skin at a joint) rather than a generic twist-distribution bone."	HUMAN_APPROVED
5	arm left elbow adjuster	arm left elbow adjuster; Arm Left Elbow Adjuster	arm left elbow adjuster -> groupFile/Arms/LeftArm; Arm Left Elbow Adjuster -> groupFile/Arms/LeftArm	HELPERS	groupFile/Helpers	"Contains an explicit ""Adj""/""Adjuster"" token -- Silkworm filed it under a generic helper branch, but the name itself more specifically suggests a corrective/pose-fix function (adjusting skin at a joint) rather than a generic twist-distribution bone."	HUMAN_APPROVED
6	arm left shoulder adj 1	arm left shoulder adj 1; Arm Left Shoulder Adj 1	arm left shoulder adj 1 -> groupFile/Arms/LeftArm; Arm Left Shoulder Adj 1 -> groupFile/Arms/LeftArm	HELPERS	groupFile/Helpers	"Contains an explicit ""Adj""/""Adjuster"" token -- Silkworm filed it under a generic helper branch, but the name itself more specifically suggests a corrective/pose-fix function (adjusting skin at a joint) rather than a generic twist-distribution bone."	HUMAN_APPROVED
7	arm left shoulder adj 2	arm left shoulder adj 2; Arm Left Shoulder Adj 2	arm left shoulder adj 2 -> groupFile/Arms/LeftArm; Arm Left Shoulder Adj 2 -> groupFile/Arms/LeftArm	HELPERS	groupFile/Helpers	"Contains an explicit ""Adj""/""Adjuster"" token -- Silkworm filed it under a generic helper branch, but the name itself more specifically suggests a corrective/pose-fix function (adjusting skin at a joint) rather than a generic twist-distribution bone."	HUMAN_APPROVED
8	arm left wrist adj	arm left wrist adj; Arm Left Wrist Adj	arm left wrist adj -> groupFile/Arms/LeftArm; Arm Left Wrist Adj -> groupFile/Arms/LeftArm	HELPERS	groupFile/Helpers	"Contains an explicit ""Adj""/""Adjuster"" token -- Silkworm filed it under a generic helper branch, but the name itself more specifically suggests a corrective/pose-fix function (adjusting skin at a joint) rather than a generic twist-distribution bone."	HUMAN_APPROVED
9	arm right elbow adj 1	arm right elbow adj 1; Arm Right Elbow Adj 1	arm right elbow adj 1 -> groupFile/Arms/RightArm; Arm Right Elbow Adj 1 -> groupFile/Arms/RightArm	HELPERS	groupFile/Helpers	"Contains an explicit ""Adj""/""Adjuster"" token -- Silkworm filed it under a generic helper branch, but the name itself more specifically suggests a corrective/pose-fix function (adjusting skin at a joint) rather than a generic twist-distribution bone."	HUMAN_APPROVED
10	arm right elbow adj 2	arm right elbow adj 2; Arm Right Elbow Adj 2	arm right elbow adj 2 -> groupFile/Arms/RightArm; Arm Right Elbow Adj 2 -> groupFile/Arms/RightArm	HELPERS	groupFile/Helpers	"Contains an explicit ""Adj""/""Adjuster"" token -- Silkworm filed it under a generic helper branch, but the name itself more specifically suggests a corrective/pose-fix function (adjusting skin at a joint) rather than a generic twist-distribution bone."	HUMAN_APPROVED
11	arm right shoulder adj 1	arm right shoulder adj 1; Arm Right Shoulder Adj 1	arm right shoulder adj 1 -> groupFile/Arms/RightArm; Arm Right Shoulder Adj 1 -> groupFile/Arms/RightArm	HELPERS	groupFile/Helpers	"Contains an explicit ""Adj""/""Adjuster"" token -- Silkworm filed it under a generic helper branch, but the name itself more specifically suggests a corrective/pose-fix function (adjusting skin at a joint) rather than a generic twist-distribution bone."	HUMAN_APPROVED
12	arm right shoulder adj 2	arm right shoulder adj 2; Arm Right Shoulder Adj 2	arm right shoulder adj 2 -> groupFile/Arms/RightArm; Arm Right Shoulder Adj 2 -> groupFile/Arms/RightArm	HELPERS	groupFile/Helpers	"Contains an explicit ""Adj""/""Adjuster"" token -- Silkworm filed it under a generic helper branch, but the name itself more specifically suggests a corrective/pose-fix function (adjusting skin at a joint) rather than a generic twist-distribution bone."	HUMAN_APPROVED
13	arm right wrist adj	arm right wrist adj; Arm Right Wrist Adj	arm right wrist adj -> groupFile/Arms/RightArm; Arm Right Wrist Adj -> groupFile/Arms/RightArm	HELPERS	groupFile/Helpers	"Contains an explicit ""Adj""/""Adjuster"" token -- Silkworm filed it under a generic helper branch, but the name itself more specifically suggests a corrective/pose-fix function (adjusting skin at a joint) rather than a generic twist-distribution bone."	HUMAN_APPROVED
14	leg left knee adj	leg left knee adj; Leg Left Knee Adj	leg left knee adj -> groupFile/Legs/LeftLeg; Leg Left Knee Adj -> groupFile/Legs/LeftLeg	HELPERS	groupFile/Helpers	"Contains an explicit ""Adj""/""Adjuster"" token -- Silkworm filed it under a generic helper branch, but the name itself more specifically suggests a corrective/pose-fix function (adjusting skin at a joint) rather than a generic twist-distribution bone."	HUMAN_APPROVED
15	leg left knee adjuster	leg left knee adjuster; Leg Left Knee Adjuster	leg left knee adjuster -> groupFile/Legs/LeftLeg; Leg Left Knee Adjuster -> groupFile/Legs/LeftLeg	HELPERS	groupFile/Helpers	"Contains an explicit ""Adj""/""Adjuster"" token -- Silkworm filed it under a generic helper branch, but the name itself more specifically suggests a corrective/pose-fix function (adjusting skin at a joint) rather than a generic twist-distribution bone."	HUMAN_APPROVED
16	leg left thigh adj 1	leg left thigh adj 1; Leg Left Thigh Adj 1	leg left thigh adj 1 -> groupFile/Legs/LeftLeg; Leg Left Thigh Adj 1 -> groupFile/Legs/LeftLeg	HELPERS	groupFile/Helpers	"Contains an explicit ""Adj""/""Adjuster"" token -- Silkworm filed it under a generic helper branch, but the name itself more specifically suggests a corrective/pose-fix function (adjusting skin at a joint) rather than a generic twist-distribution bone."	HUMAN_APPROVED
17	leg left thigh adj 2	leg left thigh adj 2; Leg Left Thigh Adj 2	leg left thigh adj 2 -> groupFile/Legs/LeftLeg; Leg Left Thigh Adj 2 -> groupFile/Legs/LeftLeg	HELPERS	groupFile/Helpers	"Contains an explicit ""Adj""/""Adjuster"" token -- Silkworm filed it under a generic helper branch, but the name itself more specifically suggests a corrective/pose-fix function (adjusting skin at a joint) rather than a generic twist-distribution bone."	HUMAN_APPROVED
18	leg right knee adj	leg right knee adj; Leg Right Knee Adj	leg right knee adj -> groupFile/Legs/RightLeg; Leg Right Knee Adj -> groupFile/Legs/RightLeg	HELPERS	groupFile/Helpers	"Contains an explicit ""Adj""/""Adjuster"" token -- Silkworm filed it under a generic helper branch, but the name itself more specifically suggests a corrective/pose-fix function (adjusting skin at a joint) rather than a generic twist-distribution bone."	HUMAN_APPROVED
19	leg right knee adjuster	leg right knee adjuster; Leg Right Knee Adjuster	leg right knee adjuster -> groupFile/Legs/RightLeg; Leg Right Knee Adjuster -> groupFile/Legs/RightLeg	HELPERS	groupFile/Helpers	"Contains an explicit ""Adj""/""Adjuster"" token -- Silkworm filed it under a generic helper branch, but the name itself more specifically suggests a corrective/pose-fix function (adjusting skin at a joint) rather than a generic twist-distribution bone."	HUMAN_APPROVED
20	leg right thigh adj 1	leg right thigh adj 1; Leg Right Thigh Adj 1	leg right thigh adj 1 -> groupFile/Legs/RightLeg; Leg Right Thigh Adj 1 -> groupFile/Legs/RightLeg	HELPERS	groupFile/Helpers	"Contains an explicit ""Adj""/""Adjuster"" token -- Silkworm filed it under a generic helper branch, but the name itself more specifically suggests a corrective/pose-fix function (adjusting skin at a joint) rather than a generic twist-distribution bone."	HUMAN_APPROVED
21	leg right thigh adj 2	leg right thigh adj 2; Leg Right Thigh Adj 2	leg right thigh adj 2 -> groupFile/Legs/RightLeg; Leg Right Thigh Adj 2 -> groupFile/Legs/RightLeg	HELPERS	groupFile/Helpers	"Contains an explicit ""Adj""/""Adjuster"" token -- Silkworm filed it under a generic helper branch, but the name itself more specifically suggests a corrective/pose-fix function (adjusting skin at a joint) rather than a generic twist-distribution bone."	HUMAN_APPROVED
22	valvebiped.bip01_l_foot_helper	ValveBiped.Bip01_L_Foot_Helper; valvebiped.bip01_l_Foot_HELPER	ValveBiped.Bip01_L_Foot_Helper -> groupFile/Legs/LeftLeg; valvebiped.bip01_l_Foot_HELPER -> groupFile/Legs/LeftLeg	HELPERS	groupFile/Helpers	"ValveBiped.Bip01_*_Foot_Helper -- explicit ""Helper"" token and Valve-standard bone naming, but foot/toe-adjacent bones in this Master have an established specific destination (Toes) that Silkworm's generic-helper branch does not account for."	HUMAN_APPROVED
23	valvebiped.bip01_r_foot_helper	ValveBiped.Bip01_R_Foot_Helper; valvebiped.bip01_r_Foot_HELPER	ValveBiped.Bip01_R_Foot_Helper -> groupFile/Legs/RightLeg; valvebiped.bip01_r_Foot_HELPER -> groupFile/Legs/RightLeg	HELPERS	groupFile/Helpers	"ValveBiped.Bip01_*_Foot_Helper -- explicit ""Helper"" token and Valve-standard bone naming, but foot/toe-adjacent bones in this Master have an established specific destination (Toes) that Silkworm's generic-helper branch does not account for."	HUMAN_APPROVED
24	bip_hip_twist_l	bip_hip_twist_l; bip_hip_twist_L	bip_hip_twist_l -> groupFile/Legs/LeftLeg; bip_hip_twist_L -> groupFile/Legs/LeftLeg	HELPERS	groupFile/Helpers	"""Hip twist"" -- unlike forearm/shoulder twist (unambiguously secondary), a hip-twist bone can sometimes function as the primary hip-rotation deform bone in rigs with no separate main hip-rotation control, making its ""secondary"" status less certain than the other twist families in this batch."	HUMAN_APPROVED
25	bip_hip_twist_r	bip_hip_twist_r; bip_hip_twist_R	bip_hip_twist_r -> groupFile/Legs/RightLeg; bip_hip_twist_R -> groupFile/Legs/RightLeg	HELPERS	groupFile/Helpers	"""Hip twist"" -- unlike forearm/shoulder twist (unambiguously secondary), a hip-twist bone can sometimes function as the primary hip-rotation deform bone in rigs with no separate main hip-rotation control, making its ""secondary"" status less certain than the other twist families in this batch."	HUMAN_APPROVED
26	bip_hip_twista_l	bip_hip_twistA_l; bip_hip_twistA_L	bip_hip_twistA_l -> groupFile/Legs/LeftLeg; bip_hip_twistA_L -> groupFile/Legs/LeftLeg	HELPERS	groupFile/Helpers	"""Hip twist"" -- unlike forearm/shoulder twist (unambiguously secondary), a hip-twist bone can sometimes function as the primary hip-rotation deform bone in rigs with no separate main hip-rotation control, making its ""secondary"" status less certain than the other twist families in this batch."	HUMAN_APPROVED
27	bip_hip_twista_r	bip_hip_twistA_r; bip_hip_twistA_R	bip_hip_twistA_r -> groupFile/Legs/RightLeg; bip_hip_twistA_R -> groupFile/Legs/RightLeg	HELPERS	groupFile/Helpers	"""Hip twist"" -- unlike forearm/shoulder twist (unambiguously secondary), a hip-twist bone can sometimes function as the primary hip-rotation deform bone in rigs with no separate main hip-rotation control, making its ""secondary"" status less certain than the other twist families in this batch."	HUMAN_APPROVED
28	bip_hiptwist_l	bip_HipTwist_L; bip_hipTwist_L; bip_hiptwist_L	bip_HipTwist_L -> groupFile/Legs/LeftLeg; bip_hipTwist_L -> groupFile/Legs/LeftLeg; bip_hiptwist_L -> groupFile/Legs/LeftLeg	HELPERS	groupFile/Helpers	"""Hip twist"" -- unlike forearm/shoulder twist (unambiguously secondary), a hip-twist bone can sometimes function as the primary hip-rotation deform bone in rigs with no separate main hip-rotation control, making its ""secondary"" status less certain than the other twist families in this batch."	HUMAN_APPROVED
29	bip_hiptwist_r	bip_HipTwist_R; bip_hipTwist_R; bip_hiptwist_R	bip_HipTwist_R -> groupFile/Legs/RightLeg; bip_hipTwist_R -> groupFile/Legs/RightLeg; bip_hiptwist_R -> groupFile/Legs/RightLeg	HELPERS	groupFile/Helpers	"""Hip twist"" -- unlike forearm/shoulder twist (unambiguously secondary), a hip-twist bone can sometimes function as the primary hip-rotation deform bone in rigs with no separate main hip-rotation control, making its ""secondary"" status less certain than the other twist families in this batch."	HUMAN_APPROVED
30	bip_forearmtwist_l	bip_ForearmTwist_l; bip_forearmTwist_L	bip_ForearmTwist_l -> groupFile/Arms/LeftArm; bip_forearmTwist_L -> groupFile/Arms/LeftArm	HELPERS	groupFile/Helpers	1/2 spelling(s) carry direct Silkworm generic-helper provenance (['groupFile/Correctors and Helpers/Arm and Hand Helper Bones']); unambiguous twist/roll/helper vocabulary; Scanner BONE_SUPPORTED.	HUMAN_APPROVED
31	bip_forearmtwist_r	bip_ForearmTwist_r; bip_forearmTwist_R	bip_ForearmTwist_r -> groupFile/Arms/RightArm; bip_forearmTwist_R -> groupFile/Arms/RightArm	HELPERS	groupFile/Helpers	1/2 spelling(s) carry direct Silkworm generic-helper provenance (['groupFile/Correctors and Helpers/Arm and Hand Helper Bones']); unambiguous twist/roll/helper vocabulary; Scanner BONE_SUPPORTED.	HUMAN_APPROVED
32	bip_knee_twist_l	bip_knee_twist_l; bip_knee_twist_L	bip_knee_twist_l -> groupFile/Legs/LeftLeg; bip_knee_twist_L -> groupFile/Legs/LeftLeg	HELPERS	groupFile/Helpers	1/2 spelling(s) carry direct Silkworm generic-helper provenance (['groupFile/Correctors and Helpers/Leg and Foot Helper Bones']); unambiguous twist/roll/helper vocabulary; Scanner BONE_SUPPORTED.	HUMAN_APPROVED
33	bip_knee_twist_r	bip_knee_twist_r; bip_knee_twist_R	bip_knee_twist_r -> groupFile/Legs/RightLeg; bip_knee_twist_R -> groupFile/Legs/RightLeg	HELPERS	groupFile/Helpers	1/2 spelling(s) carry direct Silkworm generic-helper provenance (['groupFile/Correctors and Helpers/Leg and Foot Helper Bones']); unambiguous twist/roll/helper vocabulary; Scanner BONE_SUPPORTED.	HUMAN_APPROVED
34	bip_kneetwist_l	bip_KneeTwist_L; bip_kneeTwist_L; bip_kneetwist_L	bip_KneeTwist_L -> groupFile/Legs/LeftLeg; bip_kneeTwist_L -> groupFile/Legs/LeftLeg; bip_kneetwist_L -> groupFile/Legs/LeftLeg	HELPERS	groupFile/Helpers	1/3 spelling(s) carry direct Silkworm generic-helper provenance (['groupFile/Correctors and Helpers/Leg and Foot Helper Bones']); unambiguous twist/roll/helper vocabulary; Scanner BONE_SUPPORTED.	HUMAN_APPROVED
35	bip_kneetwist_r	bip_KneeTwist_R; bip_kneeTwist_R; bip_kneetwist_R	bip_KneeTwist_R -> groupFile/Legs/RightLeg; bip_kneeTwist_R -> groupFile/Legs/RightLeg; bip_kneetwist_R -> groupFile/Legs/RightLeg	HELPERS	groupFile/Helpers	1/3 spelling(s) carry direct Silkworm generic-helper provenance (['groupFile/Correctors and Helpers/Leg and Foot Helper Bones']); unambiguous twist/roll/helper vocabulary; Scanner BONE_SUPPORTED.	HUMAN_APPROVED
36	bip_lowerarm_l_twist	bip_lowerArm_L_Twist; bip_lowerArm_L_twist	bip_lowerArm_L_Twist -> groupFile/Arms/LeftArm; bip_lowerArm_L_twist -> groupFile/Arms/LeftArm	HELPERS	groupFile/Helpers	1/2 spelling(s) carry direct Silkworm generic-helper provenance (['groupFile/Correctors and Helpers/Arm and Hand Helper Bones']); unambiguous twist/roll/helper vocabulary; Scanner BONE_SUPPORTED.	HUMAN_APPROVED
37	bip_lowerarm_r_twist	bip_lowerArm_R_Twist; bip_lowerArm_R_twist	bip_lowerArm_R_Twist -> groupFile/Arms/RightArm; bip_lowerArm_R_twist -> groupFile/Arms/RightArm	HELPERS	groupFile/Helpers	1/2 spelling(s) carry direct Silkworm generic-helper provenance (['groupFile/Correctors and Helpers/Arm and Hand Helper Bones']); unambiguous twist/roll/helper vocabulary; Scanner BONE_SUPPORTED.	HUMAN_APPROVED
38	bip_lowerarm_twist1_l	Bip_LowerArm_Twist1_L; bip_lowerArm_twist1_l	Bip_LowerArm_Twist1_L -> groupFile/Arms/LeftArm; bip_lowerArm_twist1_l -> groupFile/Arms/LeftArm	HELPERS	groupFile/Helpers	1/2 spelling(s) carry direct Silkworm generic-helper provenance (['groupFile/Correctors and Helpers/Arm and Hand Helper Bones']); unambiguous twist/roll/helper vocabulary; Scanner BONE_SUPPORTED.	HUMAN_APPROVED
39	bip_lowerarm_twist1_r	Bip_LowerArm_Twist1_R; bip_lowerArm_twist1_r	Bip_LowerArm_Twist1_R -> groupFile/Arms/RightArm; bip_lowerArm_twist1_r -> groupFile/Arms/RightArm	HELPERS	groupFile/Helpers	1/2 spelling(s) carry direct Silkworm generic-helper provenance (['groupFile/Correctors and Helpers/Arm and Hand Helper Bones']); unambiguous twist/roll/helper vocabulary; Scanner BONE_SUPPORTED.	HUMAN_APPROVED
40	bip_lowerarm_twist_l	Bip_Lowerarm_Twist_L; bip_lowerArm_Twist_L; bip_lowerarm_twist_l	Bip_Lowerarm_Twist_L -> groupFile/Arms/LeftArm; bip_lowerArm_Twist_L -> groupFile/Arms/LeftArm; bip_lowerarm_twist_l -> groupFile/Arms/LeftArm	HELPERS	groupFile/Helpers	1/3 spelling(s) carry direct Silkworm generic-helper provenance (['groupFile/Correctors and Helpers/Arm and Hand Helper Bones']); unambiguous twist/roll/helper vocabulary; Scanner BONE_SUPPORTED.	HUMAN_APPROVED
41	bip_lowerarm_twist_r	Bip_Lowerarm_Twist_R; bip_lowerarm_twist_r	Bip_Lowerarm_Twist_R -> groupFile/Arms/RightArm; bip_lowerarm_twist_r -> groupFile/Arms/RightArm	HELPERS	groupFile/Helpers	1/2 spelling(s) carry direct Silkworm generic-helper provenance (['groupFile/Correctors and Helpers/Arm and Hand Helper Bones']); unambiguous twist/roll/helper vocabulary; Scanner BONE_SUPPORTED.	HUMAN_APPROVED
42	bip_upperarm_l_twist	bip_upperArm_L_Twist; bip_upperArm_L_twist	bip_upperArm_L_Twist -> groupFile/Arms/LeftArm; bip_upperArm_L_twist -> groupFile/Arms/LeftArm	HELPERS	groupFile/Helpers	1/2 spelling(s) carry direct Silkworm generic-helper provenance (['groupFile/Correctors and Helpers/Arm and Hand Helper Bones']); unambiguous twist/roll/helper vocabulary; Scanner BONE_SUPPORTED.	HUMAN_APPROVED
43	bip_upperarm_l_twist1	bip_upperArm_l_twist1; bip_UpperArm_l_twist1	bip_upperArm_l_twist1 -> groupFile/Arms/LeftArm; bip_UpperArm_l_twist1 -> groupFile/Arms/LeftArm	HELPERS	groupFile/Helpers	1/2 spelling(s) carry direct Silkworm generic-helper provenance (['groupFile/Correctors and Helpers/Arm and Hand Helper Bones']); unambiguous twist/roll/helper vocabulary; Scanner BONE_SUPPORTED.	HUMAN_APPROVED
44	bip_upperarm_l_twist2	bip_upperArm_l_twist2; bip_UpperArm_l_twist2	bip_upperArm_l_twist2 -> groupFile/Arms/LeftArm; bip_UpperArm_l_twist2 -> groupFile/Arms/LeftArm	HELPERS	groupFile/Helpers	1/2 spelling(s) carry direct Silkworm generic-helper provenance (['groupFile/Correctors and Helpers/Arm and Hand Helper Bones']); unambiguous twist/roll/helper vocabulary; Scanner BONE_SUPPORTED.	HUMAN_APPROVED
45	bip_upperarm_r_twist1	bip_upperArm_r_twist1; bip_UpperArm_r_twist1	bip_upperArm_r_twist1 -> groupFile/Arms/RightArm; bip_UpperArm_r_twist1 -> groupFile/Arms/RightArm	HELPERS	groupFile/Helpers	1/2 spelling(s) carry direct Silkworm generic-helper provenance (['groupFile/Correctors and Helpers/Arm and Hand Helper Bones']); unambiguous twist/roll/helper vocabulary; Scanner BONE_SUPPORTED.	HUMAN_APPROVED
46	bip_upperarm_r_twist2	bip_upperArm_r_twist2; bip_UpperArm_r_twist2	bip_upperArm_r_twist2 -> groupFile/Arms/RightArm; bip_UpperArm_r_twist2 -> groupFile/Arms/RightArm	HELPERS	groupFile/Helpers	1/2 spelling(s) carry direct Silkworm generic-helper provenance (['groupFile/Correctors and Helpers/Arm and Hand Helper Bones']); unambiguous twist/roll/helper vocabulary; Scanner BONE_SUPPORTED.	HUMAN_APPROVED
47	bip_upperarm_twist1_l	Bip_UpperArm_Twist1_l; bip_UpperArm_twist1_l	Bip_UpperArm_Twist1_l -> groupFile/Arms/LeftArm; bip_UpperArm_twist1_l -> groupFile/Arms/LeftArm	HELPERS	groupFile/Helpers	1/2 spelling(s) carry direct Silkworm generic-helper provenance (['groupFile/Correctors and Helpers/Arm and Hand Helper Bones']); unambiguous twist/roll/helper vocabulary; Scanner BONE_SUPPORTED.	HUMAN_APPROVED
48	bip_upperarm_twist1_r	Bip_UpperArm_Twist1_R; bip_UpperArm_twist1_r	Bip_UpperArm_Twist1_R -> groupFile/Arms/RightArm; bip_UpperArm_twist1_r -> groupFile/Arms/RightArm	HELPERS	groupFile/Helpers	1/2 spelling(s) carry direct Silkworm generic-helper provenance (['groupFile/Correctors and Helpers/Arm and Hand Helper Bones']); unambiguous twist/roll/helper vocabulary; Scanner BONE_SUPPORTED.	HUMAN_APPROVED
49	bip_upperarm_twist2_l	bip_UpperArm_twist2_L; Bip_UpperArm_Twist2_l; bip_UpperArm_twist2_l	bip_UpperArm_twist2_L -> groupFile/Arms/LeftArm; Bip_UpperArm_Twist2_l -> groupFile/Arms/LeftArm; bip_UpperArm_twist2_l -> groupFile/Arms/LeftArm	HELPERS	groupFile/Helpers	2/3 spelling(s) carry direct Silkworm generic-helper provenance (['groupFile/Correctors and Helpers/Arm and Hand Helper Bones']); unambiguous twist/roll/helper vocabulary; Scanner BONE_SUPPORTED.	HUMAN_APPROVED
50	bip_upperarm_twist2_r	bip_UpperArm_twist2_R; Bip_UpperArm_Twist2_R; bip_UpperArm_twist2_r	bip_UpperArm_twist2_R -> groupFile/Arms/RightArm; Bip_UpperArm_Twist2_R -> groupFile/Arms/RightArm; bip_UpperArm_twist2_r -> groupFile/Arms/RightArm	HELPERS	groupFile/Helpers	2/3 spelling(s) carry direct Silkworm generic-helper provenance (['groupFile/Correctors and Helpers/Arm and Hand Helper Bones']); unambiguous twist/roll/helper vocabulary; Scanner BONE_SUPPORTED.	HUMAN_APPROVED
51	bip_upperarm_twist_l	Bip_upperarm_Twist_L; bip_upperArm_Twist_L; bip_upperarm_twist_l	Bip_upperarm_Twist_L -> groupFile/Arms/LeftArm; bip_upperArm_Twist_L -> groupFile/Arms/LeftArm; bip_upperarm_twist_l -> groupFile/Arms/LeftArm	HELPERS	groupFile/Helpers	1/3 spelling(s) carry direct Silkworm generic-helper provenance (['groupFile/Correctors and Helpers/Arm and Hand Helper Bones']); unambiguous twist/roll/helper vocabulary; Scanner BONE_SUPPORTED.	HUMAN_APPROVED
52	bip_upperarm_twist_r	Bip_upperarm_Twist_R; bip_upperarm_twist_r	Bip_upperarm_Twist_R -> groupFile/Arms/RightArm; bip_upperarm_twist_r -> groupFile/Arms/RightArm	HELPERS	groupFile/Helpers	1/2 spelling(s) carry direct Silkworm generic-helper provenance (['groupFile/Correctors and Helpers/Arm and Hand Helper Bones']); unambiguous twist/roll/helper vocabulary; Scanner BONE_SUPPORTED.	HUMAN_APPROVED
53	forearm_twist.l	ForeArm_Twist.L; forearm_twist.l	ForeArm_Twist.L -> groupFile/Arms/LeftArm; forearm_twist.l -> groupFile/Arms/LeftArm	HELPERS	groupFile/Helpers	1/2 spelling(s) carry direct Silkworm generic-helper provenance (['groupFile/Correctors and Helpers/Arm and Hand Helper Bones']); unambiguous twist/roll/helper vocabulary; Scanner BONE_SUPPORTED.	HUMAN_APPROVED
54	forearm_twist.r	ForeArm_Twist.R; forearm_twist.r	ForeArm_Twist.R -> groupFile/Arms/RightArm; forearm_twist.r -> groupFile/Arms/RightArm	HELPERS	groupFile/Helpers	1/2 spelling(s) carry direct Silkworm generic-helper provenance (['groupFile/Correctors and Helpers/Arm and Hand Helper Bones']); unambiguous twist/roll/helper vocabulary; Scanner BONE_SUPPORTED.	HUMAN_APPROVED
55	forearm_twist_l	forearm_twist_l; Forearm_Twist_L	forearm_twist_l -> groupFile/Arms/LeftArm; Forearm_Twist_L -> groupFile/Arms/LeftArm	HELPERS	groupFile/Helpers	1/2 spelling(s) carry direct Silkworm generic-helper provenance (['groupFile/Correctors and Helpers/Arm and Hand Helper Bones']); unambiguous twist/roll/helper vocabulary; Scanner BONE_SUPPORTED.	HUMAN_APPROVED
56	forearm_twist_r	forearm_twist_r; Forearm_Twist_R	forearm_twist_r -> groupFile/Arms/RightArm; Forearm_Twist_R -> groupFile/Arms/RightArm	HELPERS	groupFile/Helpers	1/2 spelling(s) carry direct Silkworm generic-helper provenance (['groupFile/Correctors and Helpers/Arm and Hand Helper Bones']); unambiguous twist/roll/helper vocabulary; Scanner BONE_SUPPORTED.	HUMAN_APPROVED
57	hlp_knee_l	hlp_Knee_L; hlp_knee_L	hlp_Knee_L -> groupFile/Legs/LeftLeg; hlp_knee_L -> groupFile/Legs/LeftLeg	HELPERS	groupFile/Helpers	1/2 spelling(s) carry direct Silkworm generic-helper provenance (['groupFile/Correctors and Helpers/Leg and Foot Helper Bones']); unambiguous twist/roll/helper vocabulary; Scanner BONE_SUPPORTED.	HUMAN_APPROVED
58	hlp_knee_r	hlp_Knee_R; hlp_knee_R	hlp_Knee_R -> groupFile/Legs/RightLeg; hlp_knee_R -> groupFile/Legs/RightLeg	HELPERS	groupFile/Helpers	1/2 spelling(s) carry direct Silkworm generic-helper provenance (['groupFile/Correctors and Helpers/Leg and Foot Helper Bones']); unambiguous twist/roll/helper vocabulary; Scanner BONE_SUPPORTED.	HUMAN_APPROVED
59	hlp_upperarm_l	hlp_upperarm_L; hlp_upperArm_L	hlp_upperarm_L -> groupFile/Arms/LeftArm; hlp_upperArm_L -> groupFile/Arms/LeftArm	HELPERS	groupFile/Helpers	1/2 spelling(s) carry direct Silkworm generic-helper provenance (['groupFile/Correctors and Helpers/Arm and Hand Helper Bones']); unambiguous twist/roll/helper vocabulary; Scanner BONE_SUPPORTED.	HUMAN_APPROVED
60	hlp_upperarm_r	hlp_upperarm_R; hlp_upperArm_R	hlp_upperarm_R -> groupFile/Arms/RightArm; hlp_upperArm_R -> groupFile/Arms/RightArm	HELPERS	groupFile/Helpers	1/2 spelling(s) carry direct Silkworm generic-helper provenance (['groupFile/Correctors and Helpers/Arm and Hand Helper Bones']); unambiguous twist/roll/helper vocabulary; Scanner BONE_SUPPORTED.	HUMAN_APPROVED
61	l_knee_helper	l_knee_helper; L_knee_helper	l_knee_helper -> groupFile/Legs/LeftLeg; L_knee_helper -> groupFile/Legs/LeftLeg	HELPERS	groupFile/Helpers	Secondary skeletal deformation/support control. BONE-supported, no FLEX contradiction, a distinct primary limb structure exists as parent, Silkworm helper provenance agrees, and no stronger primary-anatomy/Correctives/RigHelpers destination wins. Where clothing/accessory child bones (sleeve plate, charm chain, leg bag) descend from the twist/helper bone, the child attachment does not redefine the parent helper bone as Clothing -- the helper/twist control itself remains body-side deformation/support machinery.	HUMAN_APPROVED
62	leftforearm_helper	LeftForearm_helper; LeftForeArm_helper	LeftForearm_helper -> groupFile/Arms/LeftArm; LeftForeArm_helper -> groupFile/Arms/LeftArm	HELPERS	groupFile/Helpers	Secondary skeletal deformation/support control. BONE-supported, no FLEX contradiction, a distinct primary limb structure exists as parent, Silkworm helper provenance agrees, and no stronger primary-anatomy/Correctives/RigHelpers destination wins. Where clothing/accessory child bones (sleeve plate, charm chain, leg bag) descend from the twist/helper bone, the child attachment does not redefine the parent helper bone as Clothing -- the helper/twist control itself remains body-side deformation/support machinery.	HUMAN_APPROVED
63	lforearmtwist	lForeArmTwist; lForearmTwist; lforearmtwist	lForeArmTwist -> groupFile/Arms/LeftArm; lForearmTwist -> groupFile/Arms/LeftArm; lforearmtwist -> groupFile/Arms/LeftArm	HELPERS	groupFile/Helpers	Secondary skeletal deformation/support control. BONE-supported, no FLEX contradiction, a distinct primary limb structure exists as parent, Silkworm helper provenance agrees, and no stronger primary-anatomy/Correctives/RigHelpers destination wins. Where clothing/accessory child bones (sleeve plate, charm chain, leg bag) descend from the twist/helper bone, the child attachment does not redefine the parent helper bone as Clothing -- the helper/twist control itself remains body-side deformation/support machinery.	HUMAN_APPROVED
64	lforearmtwist2	LForearmTwist2; lForearmTwist2	LForearmTwist2 -> groupFile/Arms/LeftArm; lForearmTwist2 -> groupFile/Arms/LeftArm	HELPERS	groupFile/Helpers	Secondary skeletal deformation/support control. BONE-supported, no FLEX contradiction, a distinct primary limb structure exists as parent, Silkworm helper provenance agrees, and no stronger primary-anatomy/Correctives/RigHelpers destination wins. Where clothing/accessory child bones (sleeve plate, charm chain, leg bag) descend from the twist/helper bone, the child attachment does not redefine the parent helper bone as Clothing -- the helper/twist control itself remains body-side deformation/support machinery.	HUMAN_APPROVED
65	lshldrtwist	lShldrTwist; lshldrtwist	lShldrTwist -> groupFile/Arms/LeftArm; lshldrtwist -> groupFile/Arms/LeftArm	HELPERS	groupFile/Helpers	Secondary skeletal deformation/support control. BONE-supported, no FLEX contradiction, a distinct primary limb structure exists as parent, Silkworm helper provenance agrees, and no stronger primary-anatomy/Correctives/RigHelpers destination wins. Where clothing/accessory child bones (sleeve plate, charm chain, leg bag) descend from the twist/helper bone, the child attachment does not redefine the parent helper bone as Clothing -- the helper/twist control itself remains body-side deformation/support machinery.	HUMAN_APPROVED
66	lshldrtwist2	LShldrTwist2; lShldrTwist2	LShldrTwist2 -> groupFile/Arms/LeftArm; lShldrTwist2 -> groupFile/Arms/LeftArm	HELPERS	groupFile/Helpers	Secondary skeletal deformation/support control. BONE-supported, no FLEX contradiction, a distinct primary limb structure exists as parent, Silkworm helper provenance agrees, and no stronger primary-anatomy/Correctives/RigHelpers destination wins. Where clothing/accessory child bones (sleeve plate, charm chain, leg bag) descend from the twist/helper bone, the child attachment does not redefine the parent helper bone as Clothing -- the helper/twist control itself remains body-side deformation/support machinery.	HUMAN_APPROVED
67	lthightwist	lThighTwist; lthightwist	lThighTwist -> groupFile/Legs/LeftLeg; lthightwist -> groupFile/Legs/LeftLeg	HELPERS	groupFile/Helpers	Secondary skeletal deformation/support control. BONE-supported, no FLEX contradiction, a distinct primary limb structure exists as parent, Silkworm helper provenance agrees, and no stronger primary-anatomy/Correctives/RigHelpers destination wins. Where clothing/accessory child bones (sleeve plate, charm chain, leg bag) descend from the twist/helper bone, the child attachment does not redefine the parent helper bone as Clothing -- the helper/twist control itself remains body-side deformation/support machinery.	HUMAN_APPROVED
68	rforearmtwist	rForeArmTwist; rForearmTwist; rforearmtwist	rForeArmTwist -> groupFile/Arms/RightArm; rForearmTwist -> groupFile/Arms/RightArm; rforearmtwist -> groupFile/Arms/RightArm	HELPERS	groupFile/Helpers	Secondary skeletal deformation/support control. BONE-supported, no FLEX contradiction, a distinct primary limb structure exists as parent, Silkworm helper provenance agrees, and no stronger primary-anatomy/Correctives/RigHelpers destination wins. Where clothing/accessory child bones (sleeve plate, charm chain, leg bag) descend from the twist/helper bone, the child attachment does not redefine the parent helper bone as Clothing -- the helper/twist control itself remains body-side deformation/support machinery.	HUMAN_APPROVED
69	rforearmtwist2	RForearmTwist2; rForearmTwist2	RForearmTwist2 -> groupFile/Arms/RightArm; rForearmTwist2 -> groupFile/Arms/RightArm	HELPERS	groupFile/Helpers	Secondary skeletal deformation/support control. BONE-supported, no FLEX contradiction, a distinct primary limb structure exists as parent, Silkworm helper provenance agrees, and no stronger primary-anatomy/Correctives/RigHelpers destination wins. Where clothing/accessory child bones (sleeve plate, charm chain, leg bag) descend from the twist/helper bone, the child attachment does not redefine the parent helper bone as Clothing -- the helper/twist control itself remains body-side deformation/support machinery.	HUMAN_APPROVED
70	rightforearm_helper	RightForearm_helper; RightForeArm_helper	RightForearm_helper -> groupFile/Arms/RightArm; RightForeArm_helper -> groupFile/Arms/RightArm	HELPERS	groupFile/Helpers	Secondary skeletal deformation/support control. BONE-supported, no FLEX contradiction, a distinct primary limb structure exists as parent, Silkworm helper provenance agrees, and no stronger primary-anatomy/Correctives/RigHelpers destination wins. Where clothing/accessory child bones (sleeve plate, charm chain, leg bag) descend from the twist/helper bone, the child attachment does not redefine the parent helper bone as Clothing -- the helper/twist control itself remains body-side deformation/support machinery.	HUMAN_APPROVED
71	rshldrtwist	rShldrTwist; rshldrtwist	rShldrTwist -> groupFile/Arms/RightArm; rshldrtwist -> groupFile/Arms/RightArm	HELPERS	groupFile/Helpers	Secondary skeletal deformation/support control. BONE-supported, no FLEX contradiction, a distinct primary limb structure exists as parent, Silkworm helper provenance agrees, and no stronger primary-anatomy/Correctives/RigHelpers destination wins. Where clothing/accessory child bones (sleeve plate, charm chain, leg bag) descend from the twist/helper bone, the child attachment does not redefine the parent helper bone as Clothing -- the helper/twist control itself remains body-side deformation/support machinery.	HUMAN_APPROVED
72	rshldrtwist2	RShldrTwist2; rShldrTwist2	RShldrTwist2 -> groupFile/Arms/RightArm; rShldrTwist2 -> groupFile/Arms/RightArm	HELPERS	groupFile/Helpers	Secondary skeletal deformation/support control. BONE-supported, no FLEX contradiction, a distinct primary limb structure exists as parent, Silkworm helper provenance agrees, and no stronger primary-anatomy/Correctives/RigHelpers destination wins. Where clothing/accessory child bones (sleeve plate, charm chain, leg bag) descend from the twist/helper bone, the child attachment does not redefine the parent helper bone as Clothing -- the helper/twist control itself remains body-side deformation/support machinery.	HUMAN_APPROVED
73	rthightwist	rThighTwist; rthightwist	rThighTwist -> groupFile/Legs/RightLeg; rthightwist -> groupFile/Legs/RightLeg	HELPERS	groupFile/Helpers	Secondary skeletal deformation/support control. BONE-supported, no FLEX contradiction, a distinct primary limb structure exists as parent, Silkworm helper provenance agrees, and no stronger primary-anatomy/Correctives/RigHelpers destination wins. Where clothing/accessory child bones (sleeve plate, charm chain, leg bag) descend from the twist/helper bone, the child attachment does not redefine the parent helper bone as Clothing -- the helper/twist control itself remains body-side deformation/support machinery.	HUMAN_APPROVED
74	thigh_twist_l	Thigh_Twist_L; thigh_twist_l	Thigh_Twist_L -> groupFile/Legs/LeftLeg; thigh_twist_l -> groupFile/Legs/LeftLeg	HELPERS	groupFile/Helpers	Secondary skeletal deformation/support control. BONE-supported, no FLEX contradiction, a distinct primary limb structure exists as parent, Silkworm helper provenance agrees, and no stronger primary-anatomy/Correctives/RigHelpers destination wins. Where clothing/accessory child bones (sleeve plate, charm chain, leg bag) descend from the twist/helper bone, the child attachment does not redefine the parent helper bone as Clothing -- the helper/twist control itself remains body-side deformation/support machinery.	HUMAN_APPROVED
75	thigh_twist_r	Thigh_Twist_R; thigh_twist_r	Thigh_Twist_R -> groupFile/Legs/RightLeg; thigh_twist_r -> groupFile/Legs/RightLeg	HELPERS	groupFile/Helpers	Secondary skeletal deformation/support control. BONE-supported, no FLEX contradiction, a distinct primary limb structure exists as parent, Silkworm helper provenance agrees, and no stronger primary-anatomy/Correctives/RigHelpers destination wins. Where clothing/accessory child bones (sleeve plate, charm chain, leg bag) descend from the twist/helper bone, the child attachment does not redefine the parent helper bone as Clothing -- the helper/twist control itself remains body-side deformation/support machinery.	HUMAN_APPROVED
76	valvebiped.bip01_l_forearm_helper	ValveBiped.Bip01_L_Forearm_Helper; valvebiped.bip01_l_ForeArm_HELPER	ValveBiped.Bip01_L_Forearm_Helper -> groupFile/Arms/LeftArm; valvebiped.bip01_l_ForeArm_HELPER -> groupFile/Arms/LeftArm	HELPERS	groupFile/Helpers	Secondary skeletal deformation/support control. BONE-supported, no FLEX contradiction, a distinct primary limb structure exists as parent, Silkworm helper provenance agrees, and no stronger primary-anatomy/Correctives/RigHelpers destination wins. Where clothing/accessory child bones (sleeve plate, charm chain, leg bag) descend from the twist/helper bone, the child attachment does not redefine the parent helper bone as Clothing -- the helper/twist control itself remains body-side deformation/support machinery.	HUMAN_APPROVED
77	valvebiped.bip01_l_upperarm_helper	ValveBiped.Bip01_L_UpperArm_Helper; valvebiped.bip01_l_UpperArm_HELPER	ValveBiped.Bip01_L_UpperArm_Helper -> groupFile/Arms/LeftArm; valvebiped.bip01_l_UpperArm_HELPER -> groupFile/Arms/LeftArm	HELPERS	groupFile/Helpers	Secondary skeletal deformation/support control. BONE-supported, no FLEX contradiction, a distinct primary limb structure exists as parent, Silkworm helper provenance agrees, and no stronger primary-anatomy/Correctives/RigHelpers destination wins. Where clothing/accessory child bones (sleeve plate, charm chain, leg bag) descend from the twist/helper bone, the child attachment does not redefine the parent helper bone as Clothing -- the helper/twist control itself remains body-side deformation/support machinery.	HUMAN_APPROVED
78	valvebiped.bip01_r_forearm_helper	ValveBiped.Bip01_R_Forearm_Helper; valvebiped.bip01_r_ForeArm_HELPER	ValveBiped.Bip01_R_Forearm_Helper -> groupFile/Arms/RightArm; valvebiped.bip01_r_ForeArm_HELPER -> groupFile/Arms/RightArm	HELPERS	groupFile/Helpers	Secondary skeletal deformation/support control. BONE-supported, no FLEX contradiction, a distinct primary limb structure exists as parent, Silkworm helper provenance agrees, and no stronger primary-anatomy/Correctives/RigHelpers destination wins. Where clothing/accessory child bones (sleeve plate, charm chain, leg bag) descend from the twist/helper bone, the child attachment does not redefine the parent helper bone as Clothing -- the helper/twist control itself remains body-side deformation/support machinery.	HUMAN_APPROVED
79	valvebiped.bip01_r_thigh_helper	ValveBiped.Bip01_R_Thigh_Helper; valvebiped.bip01_r_Thigh_HELPER	ValveBiped.Bip01_R_Thigh_Helper -> groupFile/Legs/RightLeg; valvebiped.bip01_r_Thigh_HELPER -> groupFile/Legs/RightLeg	HELPERS	groupFile/Helpers	Secondary skeletal deformation/support control. BONE-supported, no FLEX contradiction, a distinct primary limb structure exists as parent, Silkworm helper provenance agrees, and no stronger primary-anatomy/Correctives/RigHelpers destination wins. Where clothing/accessory child bones (sleeve plate, charm chain, leg bag) descend from the twist/helper bone, the child attachment does not redefine the parent helper bone as Clothing -- the helper/twist control itself remains body-side deformation/support machinery.	HUMAN_APPROVED
80	valvebiped.bip01_r_upperarm_helper	ValveBiped.Bip01_R_UpperArm_Helper; valvebiped.bip01_r_UpperArm_HELPER	ValveBiped.Bip01_R_UpperArm_Helper -> groupFile/Arms/RightArm; valvebiped.bip01_r_UpperArm_HELPER -> groupFile/Arms/RightArm	HELPERS	groupFile/Helpers	Secondary skeletal deformation/support control. BONE-supported, no FLEX contradiction, a distinct primary limb structure exists as parent, Silkworm helper provenance agrees, and no stronger primary-anatomy/Correctives/RigHelpers destination wins. Where clothing/accessory child bones (sleeve plate, charm chain, leg bag) descend from the twist/helper bone, the child attachment does not redefine the parent helper bone as Clothing -- the helper/twist control itself remains body-side deformation/support machinery.	HUMAN_APPROVED
