exact_literal	raw_column_a_value	resolved_human_decision	current_master_status	current_master_path	ascii_fold_key	final_action	note
lPectoraljiggle	INCLUDE	INCLUDE	IN_MASTER_NON_SEXUAL	groupFile/Body	lpectoraljiggle	MOVE_TO_SEXUAL_BONES	
rPectoraljiggle	INCLUDE	INCLUDE	IN_MASTER_NON_SEXUAL	groupFile/Body	rpectoraljiggle	MOVE_TO_SEXUAL_BONES	
TailToAnus.Supp	INCLUDE	INCLUDE	IN_MASTER_NON_SEXUAL	groupFile/Body Morphs	tailtoanus.supp	MOVE_TO_SEXUAL_BONES	
Brk-Rig-BreastHuge-L1	INCLUDE	INCLUDE	IN_MASTER_NON_SEXUAL	groupFile/Body	brk-rig-breasthuge-l1	MOVE_TO_SEXUAL_BONES	
Brk-Rig-BreastHuge-L2	INCLUDE	INCLUDE	IN_MASTER_NON_SEXUAL	groupFile/Body	brk-rig-breasthuge-l2	MOVE_TO_SEXUAL_BONES	
Brk-Rig-BreastHuge-R1	INCLUDE	INCLUDE	IN_MASTER_NON_SEXUAL	groupFile/Body	brk-rig-breasthuge-r1	MOVE_TO_SEXUAL_BONES	
Brk-Rig-BreastHuge-R2	INCLUDE	INCLUDE	IN_MASTER_NON_SEXUAL	groupFile/Body	brk-rig-breasthuge-r2	MOVE_TO_SEXUAL_BONES	
crotch adj	INCLUDE	INCLUDE	IN_MASTER_NON_SEXUAL	groupFile/RigHelpers	crotch adj	MOVE_TO_SEXUAL_BONES	
Fio-Rig-Breast-L	INCLUDE	INCLUDE	IN_MASTER_NON_SEXUAL	groupFile/Body Morphs	fio-rig-breast-l	MOVE_TO_SEXUAL_BONES	
Fio-Rig-Breast-R	INCLUDE	INCLUDE	IN_MASTER_NON_SEXUAL	groupFile/Body Morphs	fio-rig-breast-r	MOVE_TO_SEXUAL_BONES	
Flm-Rig-Breast-L	INCLUDE	INCLUDE	IN_MASTER_NON_SEXUAL	groupFile/Body	flm-rig-breast-l	MOVE_TO_SEXUAL_BONES	
Flm-Rig-Breast-R	INCLUDE	INCLUDE	IN_MASTER_NON_SEXUAL	groupFile/Body	flm-rig-breast-r	MOVE_TO_SEXUAL_BONES	
Flm-Rig-BreastHuge-L1	INCLUDE	INCLUDE	IN_MASTER_NON_SEXUAL	groupFile/Body	flm-rig-breasthuge-l1	MOVE_TO_SEXUAL_BONES	
Flm-Rig-BreastHuge-L2	INCLUDE	INCLUDE	IN_MASTER_NON_SEXUAL	groupFile/Body	flm-rig-breasthuge-l2	MOVE_TO_SEXUAL_BONES	
Flm-Rig-BreastHuge-R1	INCLUDE	INCLUDE	IN_MASTER_NON_SEXUAL	groupFile/Body	flm-rig-breasthuge-r1	MOVE_TO_SEXUAL_BONES	
Flm-Rig-BreastHuge-R2	INCLUDE	INCLUDE	IN_MASTER_NON_SEXUAL	groupFile/Body	flm-rig-breasthuge-r2	MOVE_TO_SEXUAL_BONES	
Mar-Rig-Breast-L	INCLUDE	INCLUDE	IN_MASTER_NON_SEXUAL	groupFile/Body	mar-rig-breast-l	MOVE_TO_SEXUAL_BONES	
Mar-Rig-Breast-R	INCLUDE	INCLUDE	IN_MASTER_NON_SEXUAL	groupFile/Body	mar-rig-breast-r	MOVE_TO_SEXUAL_BONES	
Mar-Rig-BreastHuge-L1	INCLUDE	INCLUDE	IN_MASTER_NON_SEXUAL	groupFile/Body	mar-rig-breasthuge-l1	MOVE_TO_SEXUAL_BONES	
Mar-Rig-BreastHuge-R1	INCLUDE	INCLUDE	IN_MASTER_NON_SEXUAL	groupFile/Body	mar-rig-breasthuge-r1	MOVE_TO_SEXUAL_BONES	
PBG-Rig-Breast-L	INCLUDE	INCLUDE	IN_MASTER_NON_SEXUAL	groupFile/Body	pbg-rig-breast-l	MOVE_TO_SEXUAL_BONES	
PBG-Rig-Breast-R	INCLUDE	INCLUDE	IN_MASTER_NON_SEXUAL	groupFile/Body	pbg-rig-breast-r	MOVE_TO_SEXUAL_BONES	
PBG-Rig-BreastHuge-L1	INCLUDE	INCLUDE	IN_MASTER_NON_SEXUAL	groupFile/Body	pbg-rig-breasthuge-l1	MOVE_TO_SEXUAL_BONES	
PBG-Rig-BreastHuge-L2	INCLUDE	INCLUDE	IN_MASTER_NON_SEXUAL	groupFile/Body	pbg-rig-breasthuge-l2	MOVE_TO_SEXUAL_BONES	
PBG-Rig-BreastHuge-R1	INCLUDE	INCLUDE	IN_MASTER_NON_SEXUAL	groupFile/Body	pbg-rig-breasthuge-r1	MOVE_TO_SEXUAL_BONES	
PBG-Rig-BreastHuge-R2	INCLUDE	INCLUDE	IN_MASTER_NON_SEXUAL	groupFile/Body	pbg-rig-breasthuge-r2	MOVE_TO_SEXUAL_BONES	
pelvis_groin	INCLUDE	INCLUDE	IN_MASTER_NON_SEXUAL	groupFile/Body	pelvis_groin	MOVE_TO_SEXUAL_BONES	
Qwn-Rig-Breast-L1	INCLUDE	INCLUDE	IN_MASTER_NON_SEXUAL	groupFile/Body	qwn-rig-breast-l1	MOVE_TO_SEXUAL_BONES	
Qwn-Rig-Breast-L2	INCLUDE	INCLUDE	IN_MASTER_NON_SEXUAL	groupFile/Body	qwn-rig-breast-l2	MOVE_TO_SEXUAL_BONES	
Qwn-Rig-Breast-R1	INCLUDE	INCLUDE	IN_MASTER_NON_SEXUAL	groupFile/Body	qwn-rig-breast-r1	MOVE_TO_SEXUAL_BONES	
Qwn-Rig-Breast-R2	INCLUDE	INCLUDE	IN_MASTER_NON_SEXUAL	groupFile/Body	qwn-rig-breast-r2	MOVE_TO_SEXUAL_BONES	
unused breast left adj. 1		EXCLUDE	IN_MASTER_NON_SEXUAL	groupFile/Useless	unused breast left adj. 1	EXCLUDE	blank Column A resolved to EXCLUDE per authoritative rule
unused breast left adj. 2		EXCLUDE	IN_MASTER_NON_SEXUAL	groupFile/Useless	unused breast left adj. 2	EXCLUDE	blank Column A resolved to EXCLUDE per authoritative rule
unused breast left adj. 4		EXCLUDE	IN_MASTER_NON_SEXUAL	groupFile/Useless	unused breast left adj. 4	EXCLUDE	blank Column A resolved to EXCLUDE per authoritative rule
unused breast left adj. 5		EXCLUDE	IN_MASTER_NON_SEXUAL	groupFile/Useless	unused breast left adj. 5	EXCLUDE	blank Column A resolved to EXCLUDE per authoritative rule
unused breast right adj. 1		EXCLUDE	IN_MASTER_NON_SEXUAL	groupFile/Useless	unused breast right adj. 1	EXCLUDE	blank Column A resolved to EXCLUDE per authoritative rule
unused breast right adj. 2		EXCLUDE	IN_MASTER_NON_SEXUAL	groupFile/Useless	unused breast right adj. 2	EXCLUDE	blank Column A resolved to EXCLUDE per authoritative rule
unused breast right adj. 4		EXCLUDE	IN_MASTER_NON_SEXUAL	groupFile/Useless	unused breast right adj. 4	EXCLUDE	blank Column A resolved to EXCLUDE per authoritative rule
unused breast right adj. 5		EXCLUDE	IN_MASTER_NON_SEXUAL	groupFile/Useless	unused breast right adj. 5	EXCLUDE	blank Column A resolved to EXCLUDE per authoritative rule
unused genitalslag01		EXCLUDE	IN_MASTER_NON_SEXUAL	groupFile/Useless	unused genitalslag01	EXCLUDE	blank Column A resolved to EXCLUDE per authoritative rule
unused genitalslag02		EXCLUDE	IN_MASTER_NON_SEXUAL	groupFile/Useless	unused genitalslag02	EXCLUDE	blank Column A resolved to EXCLUDE per authoritative rule
unused genitalslag03		EXCLUDE	IN_MASTER_NON_SEXUAL	groupFile/Useless	unused genitalslag03	EXCLUDE	blank Column A resolved to EXCLUDE per authoritative rule
unused genitalslag04		EXCLUDE	IN_MASTER_NON_SEXUAL	groupFile/Useless	unused genitalslag04	EXCLUDE	blank Column A resolved to EXCLUDE per authoritative rule
unused genitalslag05		EXCLUDE	IN_MASTER_NON_SEXUAL	groupFile/Useless	unused genitalslag05	EXCLUDE	blank Column A resolved to EXCLUDE per authoritative rule
unused genitalslag06		EXCLUDE	IN_MASTER_NON_SEXUAL	groupFile/Useless	unused genitalslag06	EXCLUDE	blank Column A resolved to EXCLUDE per authoritative rule
unused genitalsscrotumlag		EXCLUDE	IN_MASTER_NON_SEXUAL	groupFile/Useless	unused genitalsscrotumlag	EXCLUDE	blank Column A resolved to EXCLUDE per authoritative rule
AnalHook		EXCLUDE	IN_MASTER_NON_SEXUAL	groupFile/Other	analhook	EXCLUDE	blank Column A resolved to EXCLUDE per authoritative rule
Anus.Ring		EXCLUDE	IN_MASTER_NON_SEXUAL	groupFile/Body Morphs	anus.ring	EXCLUDE	blank Column A resolved to EXCLUDE per authoritative rule
AnusRing		EXCLUDE	IN_MASTER_NON_SEXUAL	groupFile/Clothing	anusring	EXCLUDE	blank Column A resolved to EXCLUDE per authoritative rule
Asshool_1	INCLUDE	INCLUDE	IN_MASTER_NON_SEXUAL	groupFile/Body Morphs	asshool_1	MOVE_TO_SEXUAL_BONES	
Asshool_2	INCLUDE	INCLUDE	IN_MASTER_NON_SEXUAL	groupFile/Body	asshool_2	MOVE_TO_SEXUAL_BONES	
Asshool_3	INCLUDE	INCLUDE	IN_MASTER_NON_SEXUAL	groupFile/Body	asshool_3	MOVE_TO_SEXUAL_BONES	
Asshool_4	INCLUDE	INCLUDE	IN_MASTER_NON_SEXUAL	groupFile/Body	asshool_4	MOVE_TO_SEXUAL_BONES	
Asshool_5	INCLUDE	INCLUDE	IN_MASTER_NON_SEXUAL	groupFile/Body	asshool_5	MOVE_TO_SEXUAL_BONES	
Asshool_6	INCLUDE	INCLUDE	IN_MASTER_NON_SEXUAL	groupFile/Body	asshool_6	MOVE_TO_SEXUAL_BONES	
Asshool_7	INCLUDE	INCLUDE	IN_MASTER_NON_SEXUAL	groupFile/Body	asshool_7	MOVE_TO_SEXUAL_BONES	
Asshool_8	INCLUDE	INCLUDE	IN_MASTER_NON_SEXUAL	groupFile/Body	asshool_8	MOVE_TO_SEXUAL_BONES	
Ball		EXCLUDE	IN_MASTER_NON_SEXUAL	groupFile/Body Morphs	ball	EXCLUDE	blank Column A resolved to EXCLUDE per authoritative rule
Base		EXCLUDE	IN_MASTER_NON_SEXUAL	groupFile/Body	base	EXCLUDE	blank Column A resolved to EXCLUDE per authoritative rule
bikini breast left		EXCLUDE	IN_MASTER_NON_SEXUAL	groupFile/Clothing	bikini breast left	EXCLUDE	blank Column A resolved to EXCLUDE per authoritative rule
bikini breast right		EXCLUDE	IN_MASTER_NON_SEXUAL	groupFile/Clothing	bikini breast right	EXCLUDE	blank Column A resolved to EXCLUDE per authoritative rule
bip_breast_piercing_l		EXCLUDE	IN_MASTER_NON_SEXUAL	groupFile/Clothing	bip_breast_piercing_l	EXCLUDE	blank Column A resolved to EXCLUDE per authoritative rule
bip_breast_piercing_r		EXCLUDE	IN_MASTER_NON_SEXUAL	groupFile/Clothing	bip_breast_piercing_r	EXCLUDE	blank Column A resolved to EXCLUDE per authoritative rule
bulbus_L	INCLUDE	INCLUDE	IN_MASTER_NON_SEXUAL	groupFile/Body Morphs	bulbus_l	MOVE_TO_SEXUAL_BONES	
Bulbus_LEFT	INCLUDE	INCLUDE	IN_MASTER_NON_SEXUAL	groupFile/Body Morphs	bulbus_left	MOVE_TO_SEXUAL_BONES	
bulbus_R	INCLUDE	INCLUDE	NOT_IN_MASTER		bulbus_r	NOT_IN_MASTER_NO_ACTION	
Bulbus_RIGHT	INCLUDE	INCLUDE	IN_MASTER_NON_SEXUAL	groupFile/Body Morphs	bulbus_right	MOVE_TO_SEXUAL_BONES	
BustN		EXCLUDE	IN_MASTER_NON_SEXUAL	groupFile/Body Morphs	bustn	EXCLUDE	blank Column A resolved to EXCLUDE per authoritative rule
butt armor left		EXCLUDE	IN_MASTER_NON_SEXUAL	groupFile/Clothing	butt armor left	EXCLUDE	blank Column A resolved to EXCLUDE per authoritative rule
butt armor right		EXCLUDE	IN_MASTER_NON_SEXUAL	groupFile/Clothing	butt armor right	EXCLUDE	blank Column A resolved to EXCLUDE per authoritative rule
buttPlug		EXCLUDE	IN_MASTER_NON_SEXUAL	groupFile/Other	buttplug	EXCLUDE	blank Column A resolved to EXCLUDE per authoritative rule
Butts	INCLUDE	INCLUDE	IN_MASTER_NON_SEXUAL	groupFile/Body	butts	MOVE_TO_SEXUAL_BONES	
canin_pen_2	INCLUDE	INCLUDE	IN_MASTER_NON_SEXUAL	groupFile/Body	canin_pen_2	MOVE_TO_SEXUAL_BONES	
canin_pen_6	INCLUDE	INCLUDE	IN_MASTER_NON_SEXUAL	groupFile/Body	canin_pen_6	MOVE_TO_SEXUAL_BONES	
chesnut_skin	INCLUDE	INCLUDE	NOT_IN_MASTER		chesnut_skin	NOT_IN_MASTER_NO_ACTION	
chestnut	INCLUDE	INCLUDE	NOT_IN_MASTER		chestnut	NOT_IN_MASTER_NO_ACTION	
CockRing.Scrotum		EXCLUDE	IN_MASTER_NON_SEXUAL	groupFile/Clothing	cockring.scrotum	EXCLUDE	blank Column A resolved to EXCLUDE per authoritative rule
CockRing.Tip		EXCLUDE	IN_MASTER_NON_SEXUAL	groupFile/Clothing	cockring.tip	EXCLUDE	blank Column A resolved to EXCLUDE per authoritative rule
Crotch.Front		EXCLUDE	IN_MASTER_NON_SEXUAL	groupFile/Body	crotch.front	EXCLUDE	blank Column A resolved to EXCLUDE per authoritative rule
Crotch.Middle		EXCLUDE	IN_MASTER_NON_SEXUAL	groupFile/Body	crotch.middle	EXCLUDE	blank Column A resolved to EXCLUDE per authoritative rule
Crotch.Rear		EXCLUDE	IN_MASTER_NON_SEXUAL	groupFile/Body	crotch.rear	EXCLUDE	blank Column A resolved to EXCLUDE per authoritative rule
Dong_Root	INCLUDE	INCLUDE	IN_MASTER_NON_SEXUAL	groupFile/Body Morphs	dong_root	MOVE_TO_SEXUAL_BONES	
Flap3.L	INCLUDE	INCLUDE	NOT_IN_MASTER		flap3.l	NOT_IN_MASTER_NO_ACTION	
Flap3.R	INCLUDE	INCLUDE	IN_MASTER_NON_SEXUAL	groupFile/Clothing	flap3.r	MOVE_TO_SEXUAL_BONES	
Flap4.L	INCLUDE	INCLUDE	NOT_IN_MASTER		flap4.l	NOT_IN_MASTER_NO_ACTION	
Flap4.R	INCLUDE	INCLUDE	IN_MASTER_NON_SEXUAL	groupFile/Other	flap4.r	MOVE_TO_SEXUAL_BONES	
Flm-ArmA-Crotch		EXCLUDE	IN_MASTER_NON_SEXUAL	groupFile/Body	flm-arma-crotch	EXCLUDE	blank Column A resolved to EXCLUDE per authoritative rule
Flm-ArmA-CrotchE		EXCLUDE	IN_MASTER_NON_SEXUAL	groupFile/Body	flm-arma-crotche	EXCLUDE	blank Column A resolved to EXCLUDE per authoritative rule
Head Eye Sack Upper Left		EXCLUDE	IN_MASTER_NON_SEXUAL	groupFile/Face/Expressions	head eye sack upper left	EXCLUDE	blank Column A resolved to EXCLUDE per authoritative rule
Head Eye Sack Upper Right		EXCLUDE	IN_MASTER_NON_SEXUAL	groupFile/Face/Upper Face	head eye sack upper right	EXCLUDE	blank Column A resolved to EXCLUDE per authoritative rule
Head EyeSack Lower Left		EXCLUDE	IN_MASTER_NON_SEXUAL	groupFile/Face/Eyes	head eyesack lower left	EXCLUDE	blank Column A resolved to EXCLUDE per authoritative rule
Head EyeSack Lower Right		EXCLUDE	IN_MASTER_NON_SEXUAL	groupFile/Face/Upper Face	head eyesack lower right	EXCLUDE	blank Column A resolved to EXCLUDE per authoritative rule
jiggleboob	INCLUDE	INCLUDE	IN_MASTER_NON_SEXUAL	groupFile/Body	jiggleboob	MOVE_TO_SEXUAL_BONES	
jiggleboob2	INCLUDE	INCLUDE	IN_MASTER_NON_SEXUAL	groupFile/Body	jiggleboob2	MOVE_TO_SEXUAL_BONES	
L Bust Spo	INCLUDE	INCLUDE	IN_MASTER_NON_SEXUAL	groupFile/Body	l bust spo	MOVE_TO_SEXUAL_BONES	
l bust01 sec root	INCLUDE	INCLUDE	IN_MASTER_NON_SEXUAL	groupFile/Body	l bust01 sec root	MOVE_TO_SEXUAL_BONES	
l bust02 sec	INCLUDE	INCLUDE	IN_MASTER_NON_SEXUAL	groupFile/Body Morphs	l bust02 sec	MOVE_TO_SEXUAL_BONES	
l bust03 sec	INCLUDE	INCLUDE	IN_MASTER_NON_SEXUAL	groupFile/Body	l bust03 sec	MOVE_TO_SEXUAL_BONES	
l bust04 tip sec	INCLUDE	INCLUDE	IN_MASTER_NON_SEXUAL	groupFile/Body	l bust04 tip sec	MOVE_TO_SEXUAL_BONES	
LeftBall		EXCLUDE	IN_MASTER_NON_SEXUAL	groupFile/Arms/LeftArm	leftball	EXCLUDE	blank Column A resolved to EXCLUDE per authoritative rule
LeftPectoral_helper		EXCLUDE	IN_MASTER_NON_SEXUAL	groupFile/Body	leftpectoral_helper	EXCLUDE	blank Column A resolved to EXCLUDE per authoritative rule
limp_1	INCLUDE	INCLUDE	NOT_IN_MASTER		limp_1	NOT_IN_MASTER_NO_ACTION	
limp_2	INCLUDE	INCLUDE	NOT_IN_MASTER		limp_2	NOT_IN_MASTER_NO_ACTION	
limp_3	INCLUDE	INCLUDE	NOT_IN_MASTER		limp_3	NOT_IN_MASTER_NO_ACTION	
Lulu Necklace.Breast_Left		EXCLUDE	IN_MASTER_NON_SEXUAL	groupFile/Clothing	lulu necklace.breast_left	EXCLUDE	blank Column A resolved to EXCLUDE per authoritative rule
Lulu Necklace.Breast_Right		EXCLUDE	IN_MASTER_NON_SEXUAL	groupFile/Clothing	lulu necklace.breast_right	EXCLUDE	blank Column A resolved to EXCLUDE per authoritative rule
penus 1	INCLUDE	INCLUDE	IN_MASTER_NON_SEXUAL	groupFile/Body	penus 1	MOVE_TO_SEXUAL_BONES	
penus 2	INCLUDE	INCLUDE	IN_MASTER_NON_SEXUAL	groupFile/Body	penus 2	MOVE_TO_SEXUAL_BONES	
penus 3	INCLUDE	INCLUDE	IN_MASTER_NON_SEXUAL	groupFile/Body	penus 3	MOVE_TO_SEXUAL_BONES	
penus 4	INCLUDE	INCLUDE	IN_MASTER_NON_SEXUAL	groupFile/Body	penus 4	MOVE_TO_SEXUAL_BONES	
penus 5	INCLUDE	INCLUDE	IN_MASTER_NON_SEXUAL	groupFile/Body	penus 5	MOVE_TO_SEXUAL_BONES	
penus base	INCLUDE	INCLUDE	IN_MASTER_NON_SEXUAL	groupFile/Body	penus base	MOVE_TO_SEXUAL_BONES	
Piercing.Anus_Ring		EXCLUDE	IN_MASTER_NON_SEXUAL	groupFile/Clothing	piercing.anus_ring	EXCLUDE	blank Column A resolved to EXCLUDE per authoritative rule
Piercing.Nipple_Ring_Left		EXCLUDE	IN_MASTER_NON_SEXUAL	groupFile/Clothing	piercing.nipple_ring_left	EXCLUDE	blank Column A resolved to EXCLUDE per authoritative rule
Piercing.Nipple_Ring_Left_jiggle		EXCLUDE	IN_MASTER_NON_SEXUAL	groupFile/Clothing	piercing.nipple_ring_left_jiggle	EXCLUDE	blank Column A resolved to EXCLUDE per authoritative rule
Piercing.Nipple_Ring_Right		EXCLUDE	IN_MASTER_NON_SEXUAL	groupFile/Clothing	piercing.nipple_ring_right	EXCLUDE	blank Column A resolved to EXCLUDE per authoritative rule
Piercing.Nipple_Ring_Right_jiggle		EXCLUDE	IN_MASTER_NON_SEXUAL	groupFile/Clothing	piercing.nipple_ring_right_jiggle	EXCLUDE	blank Column A resolved to EXCLUDE per authoritative rule
Piercing.Pussy_Ring		EXCLUDE	IN_MASTER_NON_SEXUAL	groupFile/Clothing	piercing.pussy_ring	EXCLUDE	blank Column A resolved to EXCLUDE per authoritative rule
Piercing.Pussy_Ring_jiggle		EXCLUDE	IN_MASTER_NON_SEXUAL	groupFile/Clothing	piercing.pussy_ring_jiggle	EXCLUDE	blank Column A resolved to EXCLUDE per authoritative rule
PulledCorset.Left_Breast		EXCLUDE	IN_MASTER_NON_SEXUAL	groupFile/Clothing	pulledcorset.left_breast	EXCLUDE	blank Column A resolved to EXCLUDE per authoritative rule
PulledCorset.Right_Breast		EXCLUDE	IN_MASTER_NON_SEXUAL	groupFile/Clothing	pulledcorset.right_breast	EXCLUDE	blank Column A resolved to EXCLUDE per authoritative rule
PussParent.002_L.007	INCLUDE	INCLUDE	IN_MASTER_NON_SEXUAL	groupFile/Body	pussparent.002_l.007	MOVE_TO_SEXUAL_BONES	
PussParent.002_L.008	INCLUDE	INCLUDE	IN_MASTER_NON_SEXUAL	groupFile/Body	pussparent.002_l.008	MOVE_TO_SEXUAL_BONES	
PussParent.002_L.009	INCLUDE	INCLUDE	IN_MASTER_NON_SEXUAL	groupFile/Body	pussparent.002_l.009	MOVE_TO_SEXUAL_BONES	
PussParent.002_L.010	INCLUDE	INCLUDE	IN_MASTER_NON_SEXUAL	groupFile/Body	pussparent.002_l.010	MOVE_TO_SEXUAL_BONES	
PussParent.002_L.011	INCLUDE	INCLUDE	IN_MASTER_NON_SEXUAL	groupFile/Body	pussparent.002_l.011	MOVE_TO_SEXUAL_BONES	
PussParent.002_L.012	INCLUDE	INCLUDE	IN_MASTER_NON_SEXUAL	groupFile/Body	pussparent.002_l.012	MOVE_TO_SEXUAL_BONES	
PussParent.002_L.014	INCLUDE	INCLUDE	IN_MASTER_NON_SEXUAL	groupFile/Body	pussparent.002_l.014	MOVE_TO_SEXUAL_BONES	
PussParent.002_L.016	INCLUDE	INCLUDE	IN_MASTER_NON_SEXUAL	groupFile/Body	pussparent.002_l.016	MOVE_TO_SEXUAL_BONES	
PussParent.002_L.017	INCLUDE	INCLUDE	IN_MASTER_NON_SEXUAL	groupFile/Body	pussparent.002_l.017	MOVE_TO_SEXUAL_BONES	
PussParent.002_R.007	INCLUDE	INCLUDE	IN_MASTER_NON_SEXUAL	groupFile/Body	pussparent.002_r.007	MOVE_TO_SEXUAL_BONES	
PussParent.002_R.008	INCLUDE	INCLUDE	IN_MASTER_NON_SEXUAL	groupFile/Body	pussparent.002_r.008	MOVE_TO_SEXUAL_BONES	
PussParent.002_R.009	INCLUDE	INCLUDE	IN_MASTER_NON_SEXUAL	groupFile/Body	pussparent.002_r.009	MOVE_TO_SEXUAL_BONES	
PussParent.002_R.010	INCLUDE	INCLUDE	IN_MASTER_NON_SEXUAL	groupFile/Body	pussparent.002_r.010	MOVE_TO_SEXUAL_BONES	
PussParent.002_R.011	INCLUDE	INCLUDE	IN_MASTER_NON_SEXUAL	groupFile/Body	pussparent.002_r.011	MOVE_TO_SEXUAL_BONES	
PussParent.002_R.012	INCLUDE	INCLUDE	IN_MASTER_NON_SEXUAL	groupFile/Body	pussparent.002_r.012	MOVE_TO_SEXUAL_BONES	
PussParent.002_R.014	INCLUDE	INCLUDE	IN_MASTER_NON_SEXUAL	groupFile/Body	pussparent.002_r.014	MOVE_TO_SEXUAL_BONES	
PussParent.002_R.016	INCLUDE	INCLUDE	IN_MASTER_NON_SEXUAL	groupFile/Body	pussparent.002_r.016	MOVE_TO_SEXUAL_BONES	
PussParent.002_R.017	INCLUDE	INCLUDE	IN_MASTER_NON_SEXUAL	groupFile/Body	pussparent.002_r.017	MOVE_TO_SEXUAL_BONES	
PussParent.006	INCLUDE	INCLUDE	IN_MASTER_NON_SEXUAL	groupFile/Body	pussparent.006	MOVE_TO_SEXUAL_BONES	
PussParent.007	INCLUDE	INCLUDE	IN_MASTER_NON_SEXUAL	groupFile/Body	pussparent.007	MOVE_TO_SEXUAL_BONES	
Pussy.Ring_Left_Front		EXCLUDE	IN_MASTER_NON_SEXUAL	groupFile/Body	pussy.ring_left_front	EXCLUDE	blank Column A resolved to EXCLUDE per authoritative rule
Pussy.Ring_Left_Middle		EXCLUDE	IN_MASTER_NON_SEXUAL	groupFile/Clothing	pussy.ring_left_middle	EXCLUDE	blank Column A resolved to EXCLUDE per authoritative rule
Pussy.Ring_Left_Rear		EXCLUDE	IN_MASTER_NON_SEXUAL	groupFile/Body Morphs	pussy.ring_left_rear	EXCLUDE	blank Column A resolved to EXCLUDE per authoritative rule
Pussy.Ring_Right_Front		EXCLUDE	IN_MASTER_NON_SEXUAL	groupFile/Body Morphs	pussy.ring_right_front	EXCLUDE	blank Column A resolved to EXCLUDE per authoritative rule
Pussy.Ring_Right_Middle		EXCLUDE	IN_MASTER_NON_SEXUAL	groupFile/Clothing	pussy.ring_right_middle	EXCLUDE	blank Column A resolved to EXCLUDE per authoritative rule
Pussy.Ring_Right_Rear		EXCLUDE	IN_MASTER_NON_SEXUAL	groupFile/Body	pussy.ring_right_rear	EXCLUDE	blank Column A resolved to EXCLUDE per authoritative rule
PussyRing		EXCLUDE	IN_MASTER_NON_SEXUAL	groupFile/Clothing	pussyring	EXCLUDE	blank Column A resolved to EXCLUDE per authoritative rule
PussyRing_jiggle		EXCLUDE	IN_MASTER_NON_SEXUAL	groupFile/Clothing	pussyring_jiggle	EXCLUDE	blank Column A resolved to EXCLUDE per authoritative rule
R Bust Spo		EXCLUDE	IN_MASTER_NON_SEXUAL	groupFile/Body	r bust spo	EXCLUDE	blank Column A resolved to EXCLUDE per authoritative rule
r bust01 sec root	INCLUDE	INCLUDE	IN_MASTER_NON_SEXUAL	groupFile/Body	r bust01 sec root	MOVE_TO_SEXUAL_BONES	
r bust02 sec	INCLUDE	INCLUDE	IN_MASTER_NON_SEXUAL	groupFile/Body	r bust02 sec	MOVE_TO_SEXUAL_BONES	
r bust03 sec	INCLUDE	INCLUDE	IN_MASTER_NON_SEXUAL	groupFile/Body Morphs	r bust03 sec	MOVE_TO_SEXUAL_BONES	
r bust04 tip sec	INCLUDE	INCLUDE	IN_MASTER_NON_SEXUAL	groupFile/Body	r bust04 tip sec	MOVE_TO_SEXUAL_BONES	
RightBall		EXCLUDE	IN_MASTER_NON_SEXUAL	groupFile/Arms/RightArm	rightball	EXCLUDE	blank Column A resolved to EXCLUDE per authoritative rule
RightPectoral_helper		EXCLUDE	IN_MASTER_NON_SEXUAL	groupFile/Body	rightpectoral_helper	EXCLUDE	blank Column A resolved to EXCLUDE per authoritative rule
Sack_Middle		EXCLUDE	IN_MASTER_NON_SEXUAL	groupFile/Body Morphs	sack_middle	EXCLUDE	blank Column A resolved to EXCLUDE per authoritative rule
Sack_Top		EXCLUDE	IN_MASTER_NON_SEXUAL	groupFile/Body	sack_top	EXCLUDE	blank Column A resolved to EXCLUDE per authoritative rule
Shaft	INCLUDE	INCLUDE	IN_MASTER_NON_SEXUAL	groupFile/Body	shaft	MOVE_TO_SEXUAL_BONES	
translator		EXCLUDE	NOT_IN_MASTER		translator	EXCLUDE	blank Column A resolved to EXCLUDE per authoritative rule
unused		EXCLUDE	IN_MASTER_NON_SEXUAL	groupFile/Useless	unused	EXCLUDE	blank Column A resolved to EXCLUDE per authoritative rule
unused duplicate duplicate unused		EXCLUDE	IN_MASTER_NON_SEXUAL	groupFile/Useless	unused duplicate duplicate unused	EXCLUDE	blank Column A resolved to EXCLUDE per authoritative rule
unused duplicate duplicate unused.001		EXCLUDE	IN_MASTER_NON_SEXUAL	groupFile/Useless	unused duplicate duplicate unused.001	EXCLUDE	blank Column A resolved to EXCLUDE per authoritative rule
unused duplicate duplicate unused.002		EXCLUDE	IN_MASTER_NON_SEXUAL	groupFile/Useless	unused duplicate duplicate unused.002	EXCLUDE	blank Column A resolved to EXCLUDE per authoritative rule
unused duplicate duplicate unused.003		EXCLUDE	IN_MASTER_NON_SEXUAL	groupFile/Useless	unused duplicate duplicate unused.003	EXCLUDE	blank Column A resolved to EXCLUDE per authoritative rule
unused duplicate duplicate unused.004		EXCLUDE	IN_MASTER_NON_SEXUAL	groupFile/Useless	unused duplicate duplicate unused.004	EXCLUDE	blank Column A resolved to EXCLUDE per authoritative rule
unused duplicate duplicate unused.005		EXCLUDE	IN_MASTER_NON_SEXUAL	groupFile/Useless	unused duplicate duplicate unused.005	EXCLUDE	blank Column A resolved to EXCLUDE per authoritative rule
unused duplicate duplicate unused.006		EXCLUDE	IN_MASTER_NON_SEXUAL	groupFile/Useless	unused duplicate duplicate unused.006	EXCLUDE	blank Column A resolved to EXCLUDE per authoritative rule
unused duplicate duplicate unused.007		EXCLUDE	IN_MASTER_NON_SEXUAL	groupFile/Useless	unused duplicate duplicate unused.007	EXCLUDE	blank Column A resolved to EXCLUDE per authoritative rule
unused duplicate duplicate unused.008		EXCLUDE	IN_MASTER_NON_SEXUAL	groupFile/Useless	unused duplicate duplicate unused.008	EXCLUDE	blank Column A resolved to EXCLUDE per authoritative rule
unused duplicate duplicate unused.009		EXCLUDE	IN_MASTER_NON_SEXUAL	groupFile/Useless	unused duplicate duplicate unused.009	EXCLUDE	blank Column A resolved to EXCLUDE per authoritative rule
unused duplicate duplicate unused.011		EXCLUDE	IN_MASTER_NON_SEXUAL	groupFile/Useless	unused duplicate duplicate unused.011	EXCLUDE	blank Column A resolved to EXCLUDE per authoritative rule
unused l jacketa spo		EXCLUDE	IN_MASTER_NON_SEXUAL	groupFile/Useless	unused l jacketa spo	EXCLUDE	blank Column A resolved to EXCLUDE per authoritative rule
unused l jacketb spo		EXCLUDE	IN_MASTER_NON_SEXUAL	groupFile/Useless	unused l jacketb spo	EXCLUDE	blank Column A resolved to EXCLUDE per authoritative rule
unused r jacketa spo		EXCLUDE	IN_MASTER_NON_SEXUAL	groupFile/Useless	unused r jacketa spo	EXCLUDE	blank Column A resolved to EXCLUDE per authoritative rule
unused r jacketb spo		EXCLUDE	IN_MASTER_NON_SEXUAL	groupFile/Useless	unused r jacketb spo	EXCLUDE	blank Column A resolved to EXCLUDE per authoritative rule
unused.062		EXCLUDE	IN_MASTER_NON_SEXUAL	groupFile/Useless	unused.062	EXCLUDE	blank Column A resolved to EXCLUDE per authoritative rule
ValveBiped.Bip01_Dinkie_Knot	INCLUDE	INCLUDE	IN_MASTER_NON_SEXUAL	groupFile/Body Morphs	valvebiped.bip01_dinkie_knot	MOVE_TO_SEXUAL_BONES	
ValveBiped.Bip01_Dinkie_Slit_B	INCLUDE	INCLUDE	IN_MASTER_NON_SEXUAL	groupFile/Body Morphs	valvebiped.bip01_dinkie_slit_b	MOVE_TO_SEXUAL_BONES	
ValveBiped.Bip01_Dinkie_Slit_F	INCLUDE	INCLUDE	IN_MASTER_NON_SEXUAL	groupFile/Body Morphs	valvebiped.bip01_dinkie_slit_f	MOVE_TO_SEXUAL_BONES	
ValveBiped.Bip01_Dinkie_Slit_L	INCLUDE	INCLUDE	IN_MASTER_NON_SEXUAL	groupFile/Body Morphs	valvebiped.bip01_dinkie_slit_l	MOVE_TO_SEXUAL_BONES	
ValveBiped.Bip01_Dinkie_Slit_R	INCLUDE	INCLUDE	IN_MASTER_NON_SEXUAL	groupFile/Body Morphs	valvebiped.bip01_dinkie_slit_r	MOVE_TO_SEXUAL_BONES	
ValveBiped.Bip01_NutGuard1		EXCLUDE	IN_MASTER_NON_SEXUAL	groupFile/Clothing	valvebiped.bip01_nutguard1	EXCLUDE	blank Column A resolved to EXCLUDE per authoritative rule
ValveBiped.Bip01_NutGuard2		EXCLUDE	IN_MASTER_NON_SEXUAL	groupFile/Clothing	valvebiped.bip01_nutguard2	EXCLUDE	blank Column A resolved to EXCLUDE per authoritative rule
ValveBiped.Bip01_NutGuard3		EXCLUDE	IN_MASTER_NON_SEXUAL	groupFile/Clothing	valvebiped.bip01_nutguard3	EXCLUDE	blank Column A resolved to EXCLUDE per authoritative rule
ス前先.L	INCLUDE	INCLUDE	NOT_IN_MASTER		ス前先.l	NOT_IN_MASTER_NO_ACTION	
ス横先.L	INCLUDE	INCLUDE	NOT_IN_MASTER		ス横先.l	NOT_IN_MASTER_NO_ACTION	
ス横先.R	INCLUDE	INCLUDE	NOT_IN_MASTER		ス横先.r	NOT_IN_MASTER_NO_ACTION	
ass	INCLUDE	INCLUDE	IN_MASTER_NON_SEXUAL	groupFile/Body Morphs	ass	MOVE_TO_SEXUAL_BONES	
ass bone_L	INCLUDE	INCLUDE	IN_MASTER_NON_SEXUAL	groupFile/Body	ass bone_l	MOVE_TO_SEXUAL_BONES	
ass bone_R	INCLUDE	INCLUDE	IN_MASTER_NON_SEXUAL	groupFile/Body	ass bone_r	MOVE_TO_SEXUAL_BONES	
Ass1	INCLUDE	INCLUDE	IN_MASTER_NON_SEXUAL	groupFile/Body	ass1	MOVE_TO_SEXUAL_BONES	
Ass2	INCLUDE	INCLUDE	IN_MASTER_NON_SEXUAL	groupFile/Body	ass2	MOVE_TO_SEXUAL_BONES	
Asshole_1	INCLUDE	INCLUDE	IN_MASTER_NON_SEXUAL	groupFile/Body	asshole_1	MOVE_TO_SEXUAL_BONES	
Asshole_2	INCLUDE	INCLUDE	IN_MASTER_NON_SEXUAL	groupFile/Body Morphs	asshole_2	MOVE_TO_SEXUAL_BONES	
Asshole_3	INCLUDE	INCLUDE	IN_MASTER_NON_SEXUAL	groupFile/Body Morphs	asshole_3	MOVE_TO_SEXUAL_BONES	
Asshole_4	INCLUDE	INCLUDE	IN_MASTER_NON_SEXUAL	groupFile/Body Morphs	asshole_4	MOVE_TO_SEXUAL_BONES	
Asshole_5	INCLUDE	INCLUDE	IN_MASTER_NON_SEXUAL	groupFile/Body	asshole_5	MOVE_TO_SEXUAL_BONES	
Asshole_6	INCLUDE	INCLUDE	IN_MASTER_NON_SEXUAL	groupFile/Body	asshole_6	MOVE_TO_SEXUAL_BONES	
Asshole_7	INCLUDE	INCLUDE	IN_MASTER_NON_SEXUAL	groupFile/Body Morphs	asshole_7	MOVE_TO_SEXUAL_BONES	
Asshole_8	INCLUDE	INCLUDE	IN_MASTER_NON_SEXUAL	groupFile/Body	asshole_8	MOVE_TO_SEXUAL_BONES	
b__CAS_L_Breast__	INCLUDE	INCLUDE	IN_MASTER_NON_SEXUAL	groupFile/Body Morphs	b__cas_l_breast__	MOVE_TO_SEXUAL_BONES	
Ball R	INCLUDE	INCLUDE	IN_MASTER_NON_SEXUAL	groupFile/Body	ball r	MOVE_TO_SEXUAL_BONES	
ball_bn1	INCLUDE	INCLUDE	IN_MASTER_NON_SEXUAL	groupFile/Body	ball_bn1	MOVE_TO_SEXUAL_BONES	
ball_bn2	INCLUDE	INCLUDE	IN_MASTER_NON_SEXUAL	groupFile/Body	ball_bn2	MOVE_TO_SEXUAL_BONES	
balls base	INCLUDE	INCLUDE	IN_MASTER_NON_SEXUAL	groupFile/Body	balls base	MOVE_TO_SEXUAL_BONES	
Balls.Root	INCLUDE	INCLUDE	IN_MASTER_NON_SEXUAL	groupFile/Body Morphs	balls.root	MOVE_TO_SEXUAL_BONES	
Balls_01	INCLUDE	INCLUDE	IN_MASTER_NON_SEXUAL	groupFile/Body	balls_01	MOVE_TO_SEXUAL_BONES	
Balls_02	INCLUDE	INCLUDE	IN_MASTER_NON_SEXUAL	groupFile/Body	balls_02	MOVE_TO_SEXUAL_BONES	
Ballsack	INCLUDE	INCLUDE	IN_MASTER_NON_SEXUAL	groupFile/Body	ballsack	MOVE_TO_SEXUAL_BONES	
ballsL01	INCLUDE	INCLUDE	IN_MASTER_NON_SEXUAL	groupFile/Body	ballsl01	MOVE_TO_SEXUAL_BONES	
ballsR01	INCLUDE	INCLUDE	IN_MASTER_NON_SEXUAL	groupFile/Body Morphs	ballsr01	MOVE_TO_SEXUAL_BONES	
bip_AnusBottom	INCLUDE	INCLUDE	IN_MASTER_NON_SEXUAL	groupFile/Body	bip_anusbottom	MOVE_TO_SEXUAL_BONES	
bip_AnusRoot_L	INCLUDE	INCLUDE	IN_MASTER_NON_SEXUAL	groupFile/Body	bip_anusroot_l	MOVE_TO_SEXUAL_BONES	
bip_AnusRoot_R	INCLUDE	INCLUDE	IN_MASTER_NON_SEXUAL	groupFile/Body	bip_anusroot_r	MOVE_TO_SEXUAL_BONES	
bip_AnusSide_0_L	INCLUDE	INCLUDE	IN_MASTER_NON_SEXUAL	groupFile/Body Morphs	bip_anusside_0_l	MOVE_TO_SEXUAL_BONES	
bip_AnusSide_0_R	INCLUDE	INCLUDE	IN_MASTER_NON_SEXUAL	groupFile/Body	bip_anusside_0_r	MOVE_TO_SEXUAL_BONES	
bip_Ass1	INCLUDE	INCLUDE	IN_MASTER_NON_SEXUAL	groupFile/Body	bip_ass1	MOVE_TO_SEXUAL_BONES	
bip_Ass1_l	INCLUDE	INCLUDE	IN_MASTER_NON_SEXUAL	groupFile/Body	bip_ass1_l	MOVE_TO_SEXUAL_BONES	
bip_ass1_L	INCLUDE	INCLUDE	IN_MASTER_NON_SEXUAL	groupFile/Body	bip_ass1_l	MOVE_TO_SEXUAL_BONES	
bip_Ass1_r	INCLUDE	INCLUDE	IN_MASTER_NON_SEXUAL	groupFile/Body	bip_ass1_r	MOVE_TO_SEXUAL_BONES	
bip_ass1_R	INCLUDE	INCLUDE	IN_MASTER_NON_SEXUAL	groupFile/Body	bip_ass1_r	MOVE_TO_SEXUAL_BONES	
bip_Ass2	INCLUDE	INCLUDE	IN_MASTER_NON_SEXUAL	groupFile/Body	bip_ass2	MOVE_TO_SEXUAL_BONES	
bip_Balls1_l	INCLUDE	INCLUDE	IN_MASTER_NON_SEXUAL	groupFile/Body	bip_balls1_l	MOVE_TO_SEXUAL_BONES	
bip_Balls1_r	INCLUDE	INCLUDE	IN_MASTER_NON_SEXUAL	groupFile/Body	bip_balls1_r	MOVE_TO_SEXUAL_BONES	
Bip_Balls_2_L	INCLUDE	INCLUDE	IN_MASTER_NON_SEXUAL	groupFile/Body	bip_balls_2_l	MOVE_TO_SEXUAL_BONES	
Bip_Balls_2_R	INCLUDE	INCLUDE	IN_MASTER_NON_SEXUAL	groupFile/Body	bip_balls_2_r	MOVE_TO_SEXUAL_BONES	
bip_breast_nipple_l	INCLUDE	INCLUDE	IN_MASTER_NON_SEXUAL	groupFile/Body	bip_breast_nipple_l	MOVE_TO_SEXUAL_BONES	
bip_breast_nipple_r	INCLUDE	INCLUDE	IN_MASTER_NON_SEXUAL	groupFile/Body	bip_breast_nipple_r	MOVE_TO_SEXUAL_BONES	
Bip_BreastHelper_R	INCLUDE	INCLUDE	IN_MASTER_NON_SEXUAL	groupFile/Body	bip_breasthelper_r	MOVE_TO_SEXUAL_BONES	
bip_breat_04_l	INCLUDE	INCLUDE	IN_MASTER_NON_SEXUAL	groupFile/Body	bip_breat_04_l	MOVE_TO_SEXUAL_BONES	
bip_breat_04_r	INCLUDE	INCLUDE	IN_MASTER_NON_SEXUAL	groupFile/Body Morphs	bip_breat_04_r	MOVE_TO_SEXUAL_BONES	
bip_Butt_01_L	INCLUDE	INCLUDE	IN_MASTER_NON_SEXUAL	groupFile/Body	bip_butt_01_l	MOVE_TO_SEXUAL_BONES	
bip_Butt_01_R	INCLUDE	INCLUDE	IN_MASTER_NON_SEXUAL	groupFile/Body	bip_butt_01_r	MOVE_TO_SEXUAL_BONES	
bip_GenitalsMainControllerBone	INCLUDE	INCLUDE	IN_MASTER_NON_SEXUAL	groupFile/Body	bip_genitalsmaincontrollerbone	MOVE_TO_SEXUAL_BONES	
bip_Penis	INCLUDE	INCLUDE	IN_MASTER_NON_SEXUAL	groupFile/Body	bip_penis	MOVE_TO_SEXUAL_BONES	
bip_penis-0	INCLUDE	INCLUDE	IN_MASTER_NON_SEXUAL	groupFile/Body	bip_penis-0	MOVE_TO_SEXUAL_BONES	
bip_penis-1	INCLUDE	INCLUDE	IN_MASTER_NON_SEXUAL	groupFile/Body	bip_penis-1	MOVE_TO_SEXUAL_BONES	
bip_penis-2	INCLUDE	INCLUDE	IN_MASTER_NON_SEXUAL	groupFile/Body	bip_penis-2	MOVE_TO_SEXUAL_BONES	
bip_penis-ball-0.L	INCLUDE	INCLUDE	IN_MASTER_NON_SEXUAL	groupFile/Body	bip_penis-ball-0.l	MOVE_TO_SEXUAL_BONES	
bip_penis-ball-0.R	INCLUDE	INCLUDE	IN_MASTER_NON_SEXUAL	groupFile/Body	bip_penis-ball-0.r	MOVE_TO_SEXUAL_BONES	
bip_penis-ball-1.L	INCLUDE	INCLUDE	IN_MASTER_NON_SEXUAL	groupFile/Body Morphs	bip_penis-ball-1.l	MOVE_TO_SEXUAL_BONES	
bip_penis-ball-1.R	INCLUDE	INCLUDE	IN_MASTER_NON_SEXUAL	groupFile/Body	bip_penis-ball-1.r	MOVE_TO_SEXUAL_BONES	
bip_PussyBottom	INCLUDE	INCLUDE	IN_MASTER_NON_SEXUAL	groupFile/Body	bip_pussybottom	MOVE_TO_SEXUAL_BONES	
bip_PussyLower_0_L	INCLUDE	INCLUDE	IN_MASTER_NON_SEXUAL	groupFile/Body	bip_pussylower_0_l	MOVE_TO_SEXUAL_BONES	
bip_PussyLower_0_R	INCLUDE	INCLUDE	IN_MASTER_NON_SEXUAL	groupFile/Body Morphs	bip_pussylower_0_r	MOVE_TO_SEXUAL_BONES	
bip_PussyLower_1_L	INCLUDE	INCLUDE	IN_MASTER_NON_SEXUAL	groupFile/Body	bip_pussylower_1_l	MOVE_TO_SEXUAL_BONES	
bip_PussyLower_1_R	INCLUDE	INCLUDE	IN_MASTER_NON_SEXUAL	groupFile/Body Morphs	bip_pussylower_1_r	MOVE_TO_SEXUAL_BONES	
bip_PussyRoot_L	INCLUDE	INCLUDE	IN_MASTER_NON_SEXUAL	groupFile/Body	bip_pussyroot_l	MOVE_TO_SEXUAL_BONES	
bip_PussyRoot_R	INCLUDE	INCLUDE	IN_MASTER_NON_SEXUAL	groupFile/Body	bip_pussyroot_r	MOVE_TO_SEXUAL_BONES	
bip_PussySide_0_L	INCLUDE	INCLUDE	IN_MASTER_NON_SEXUAL	groupFile/Body Morphs	bip_pussyside_0_l	MOVE_TO_SEXUAL_BONES	
bip_PussySide_0_R	INCLUDE	INCLUDE	IN_MASTER_NON_SEXUAL	groupFile/Body Morphs	bip_pussyside_0_r	MOVE_TO_SEXUAL_BONES	
bip_PussySide_1_L	INCLUDE	INCLUDE	IN_MASTER_NON_SEXUAL	groupFile/Body	bip_pussyside_1_l	MOVE_TO_SEXUAL_BONES	
bip_PussySide_1_R	INCLUDE	INCLUDE	IN_MASTER_NON_SEXUAL	groupFile/Body	bip_pussyside_1_r	MOVE_TO_SEXUAL_BONES	
bip_PussySide_2_L	INCLUDE	INCLUDE	IN_MASTER_NON_SEXUAL	groupFile/Body	bip_pussyside_2_l	MOVE_TO_SEXUAL_BONES	
bip_PussySide_2_R	INCLUDE	INCLUDE	IN_MASTER_NON_SEXUAL	groupFile/Body Morphs	bip_pussyside_2_r	MOVE_TO_SEXUAL_BONES	
bip_PussyTop	INCLUDE	INCLUDE	IN_MASTER_NON_SEXUAL	groupFile/Body Morphs	bip_pussytop	MOVE_TO_SEXUAL_BONES	
bip_PussyUpper_0_L	INCLUDE	INCLUDE	IN_MASTER_NON_SEXUAL	groupFile/Body	bip_pussyupper_0_l	MOVE_TO_SEXUAL_BONES	
bip_PussyUpper_0_R	INCLUDE	INCLUDE	IN_MASTER_NON_SEXUAL	groupFile/Body	bip_pussyupper_0_r	MOVE_TO_SEXUAL_BONES	
bip_PussyUpper_1_L	INCLUDE	INCLUDE	IN_MASTER_NON_SEXUAL	groupFile/Body	bip_pussyupper_1_l	MOVE_TO_SEXUAL_BONES	
bip_PussyUpper_1_R	INCLUDE	INCLUDE	IN_MASTER_NON_SEXUAL	groupFile/Body	bip_pussyupper_1_r	MOVE_TO_SEXUAL_BONES	
Bip_VulvaB	INCLUDE	INCLUDE	IN_MASTER_NON_SEXUAL	groupFile/Body Morphs	bip_vulvab	MOVE_TO_SEXUAL_BONES	
Bip_VulvaF	INCLUDE	INCLUDE	IN_MASTER_NON_SEXUAL	groupFile/Body	bip_vulvaf	MOVE_TO_SEXUAL_BONES	
boobs	INCLUDE	INCLUDE	IN_MASTER_NON_SEXUAL	groupFile/Body Morphs	boobs	MOVE_TO_SEXUAL_BONES	
boobsie1	INCLUDE	INCLUDE	IN_MASTER_NON_SEXUAL	groupFile/Body	boobsie1	MOVE_TO_SEXUAL_BONES	
boobsie2	INCLUDE	INCLUDE	IN_MASTER_NON_SEXUAL	groupFile/Body Morphs	boobsie2	MOVE_TO_SEXUAL_BONES	
boobsie21	INCLUDE	INCLUDE	IN_MASTER_NON_SEXUAL	groupFile/Body Morphs	boobsie21	MOVE_TO_SEXUAL_BONES	
boobsie22	INCLUDE	INCLUDE	IN_MASTER_NON_SEXUAL	groupFile/Body	boobsie22	MOVE_TO_SEXUAL_BONES	
boobsie23	INCLUDE	INCLUDE	IN_MASTER_NON_SEXUAL	groupFile/Body Morphs	boobsie23	MOVE_TO_SEXUAL_BONES	
boobsie24	INCLUDE	INCLUDE	IN_MASTER_NON_SEXUAL	groupFile/Body Morphs	boobsie24	MOVE_TO_SEXUAL_BONES	
boobsie3	INCLUDE	INCLUDE	IN_MASTER_NON_SEXUAL	groupFile/Body	boobsie3	MOVE_TO_SEXUAL_BONES	
boobsie4	INCLUDE	INCLUDE	IN_MASTER_NON_SEXUAL	groupFile/Body	boobsie4	MOVE_TO_SEXUAL_BONES	
boobsie5	INCLUDE	INCLUDE	IN_MASTER_NON_SEXUAL	groupFile/Body	boobsie5	MOVE_TO_SEXUAL_BONES	
Breast Left 0	INCLUDE	INCLUDE	IN_MASTER_NON_SEXUAL	groupFile/Body	breast left 0	MOVE_TO_SEXUAL_BONES	
breast left 0	INCLUDE	INCLUDE	IN_MASTER_NON_SEXUAL	groupFile/Body	breast left 0	MOVE_TO_SEXUAL_BONES	
Breast Left 0_jiggle	INCLUDE	INCLUDE	IN_MASTER_NON_SEXUAL	groupFile/Body	breast left 0_jiggle	MOVE_TO_SEXUAL_BONES	
Breast Left 0_jiggle_root	INCLUDE	INCLUDE	IN_MASTER_NON_SEXUAL	groupFile/Body	breast left 0_jiggle_root	MOVE_TO_SEXUAL_BONES	
breast left 135	INCLUDE	INCLUDE	IN_MASTER_NON_SEXUAL	groupFile/Body	breast left 135	MOVE_TO_SEXUAL_BONES	
breast left 180	INCLUDE	INCLUDE	IN_MASTER_NON_SEXUAL	groupFile/Body	breast left 180	MOVE_TO_SEXUAL_BONES	
Breast Left 1_jiggle	INCLUDE	INCLUDE	IN_MASTER_NON_SEXUAL	groupFile/Body	breast left 1_jiggle	MOVE_TO_SEXUAL_BONES	
breast left 225	INCLUDE	INCLUDE	IN_MASTER_NON_SEXUAL	groupFile/Body	breast left 225	MOVE_TO_SEXUAL_BONES	
breast left 270	INCLUDE	INCLUDE	IN_MASTER_NON_SEXUAL	groupFile/Body	breast left 270	MOVE_TO_SEXUAL_BONES	
breast left 315	INCLUDE	INCLUDE	IN_MASTER_NON_SEXUAL	groupFile/Body	breast left 315	MOVE_TO_SEXUAL_BONES	
breast left 45	INCLUDE	INCLUDE	IN_MASTER_NON_SEXUAL	groupFile/Body	breast left 45	MOVE_TO_SEXUAL_BONES	
breast left 90	INCLUDE	INCLUDE	IN_MASTER_NON_SEXUAL	groupFile/Body	breast left 90	MOVE_TO_SEXUAL_BONES	
breast left adj. 1	INCLUDE	INCLUDE	IN_MASTER_NON_SEXUAL	groupFile/Body	breast left adj. 1	MOVE_TO_SEXUAL_BONES	
breast left adj. 2	INCLUDE	INCLUDE	IN_MASTER_NON_SEXUAL	groupFile/Body	breast left adj. 2	MOVE_TO_SEXUAL_BONES	
breast left adj. 3	INCLUDE	INCLUDE	IN_MASTER_NON_SEXUAL	groupFile/Body	breast left adj. 3	MOVE_TO_SEXUAL_BONES	
breast left adj. 4	INCLUDE	INCLUDE	IN_MASTER_NON_SEXUAL	groupFile/Body	breast left adj. 4	MOVE_TO_SEXUAL_BONES	
breast left adj. 5	INCLUDE	INCLUDE	IN_MASTER_NON_SEXUAL	groupFile/Body	breast left adj. 5	MOVE_TO_SEXUAL_BONES	
breast left adj. 6	INCLUDE	INCLUDE	IN_MASTER_NON_SEXUAL	groupFile/Body	breast left adj. 6	MOVE_TO_SEXUAL_BONES	
breast left adj. 7	INCLUDE	INCLUDE	IN_MASTER_NON_SEXUAL	groupFile/Body	breast left adj. 7	MOVE_TO_SEXUAL_BONES	
breast left adj. 8	INCLUDE	INCLUDE	IN_MASTER_NON_SEXUAL	groupFile/Body	breast left adj. 8	MOVE_TO_SEXUAL_BONES	
breast left adj.1	INCLUDE	INCLUDE	IN_MASTER_NON_SEXUAL	groupFile/Body	breast left adj.1	MOVE_TO_SEXUAL_BONES	
breast left adj.2	INCLUDE	INCLUDE	IN_MASTER_NON_SEXUAL	groupFile/Body	breast left adj.2	MOVE_TO_SEXUAL_BONES	
breast left adj.3	INCLUDE	INCLUDE	IN_MASTER_NON_SEXUAL	groupFile/Body	breast left adj.3	MOVE_TO_SEXUAL_BONES	
breast left adj.4	INCLUDE	INCLUDE	IN_MASTER_NON_SEXUAL	groupFile/Body	breast left adj.4	MOVE_TO_SEXUAL_BONES	
breast left adj.5	INCLUDE	INCLUDE	IN_MASTER_NON_SEXUAL	groupFile/Body	breast left adj.5	MOVE_TO_SEXUAL_BONES	
breast left ctrl	INCLUDE	INCLUDE	IN_MASTER_NON_SEXUAL	groupFile/Body	breast left ctrl	MOVE_TO_SEXUAL_BONES	
breast left nip	INCLUDE	INCLUDE	IN_MASTER_NON_SEXUAL	groupFile/Body	breast left nip	MOVE_TO_SEXUAL_BONES	
breast nipple left	INCLUDE	INCLUDE	IN_MASTER_NON_SEXUAL	groupFile/Body	breast nipple left	MOVE_TO_SEXUAL_BONES	
breast nipple right	INCLUDE	INCLUDE	IN_MASTER_NON_SEXUAL	groupFile/Body	breast nipple right	MOVE_TO_SEXUAL_BONES	
Breast Right 0	INCLUDE	INCLUDE	IN_MASTER_NON_SEXUAL	groupFile/Body	breast right 0	MOVE_TO_SEXUAL_BONES	
breast right 0	INCLUDE	INCLUDE	IN_MASTER_NON_SEXUAL	groupFile/Body	breast right 0	MOVE_TO_SEXUAL_BONES	
Breast Right 0_jiggle	INCLUDE	INCLUDE	IN_MASTER_NON_SEXUAL	groupFile/Body	breast right 0_jiggle	MOVE_TO_SEXUAL_BONES	
Breast Right 0_jiggle_root	INCLUDE	INCLUDE	IN_MASTER_NON_SEXUAL	groupFile/Body	breast right 0_jiggle_root	MOVE_TO_SEXUAL_BONES	
breast right 135	INCLUDE	INCLUDE	IN_MASTER_NON_SEXUAL	groupFile/Body	breast right 135	MOVE_TO_SEXUAL_BONES	
breast right 180	INCLUDE	INCLUDE	IN_MASTER_NON_SEXUAL	groupFile/Body	breast right 180	MOVE_TO_SEXUAL_BONES	
Breast Right 1_jiggle	INCLUDE	INCLUDE	IN_MASTER_NON_SEXUAL	groupFile/Body	breast right 1_jiggle	MOVE_TO_SEXUAL_BONES	
breast right 225	INCLUDE	INCLUDE	IN_MASTER_NON_SEXUAL	groupFile/Body	breast right 225	MOVE_TO_SEXUAL_BONES	
breast right 270	INCLUDE	INCLUDE	IN_MASTER_NON_SEXUAL	groupFile/Body	breast right 270	MOVE_TO_SEXUAL_BONES	
breast right 315	INCLUDE	INCLUDE	IN_MASTER_NON_SEXUAL	groupFile/Body	breast right 315	MOVE_TO_SEXUAL_BONES	
breast right 45	INCLUDE	INCLUDE	IN_MASTER_NON_SEXUAL	groupFile/Body	breast right 45	MOVE_TO_SEXUAL_BONES	
breast right 90	INCLUDE	INCLUDE	IN_MASTER_NON_SEXUAL	groupFile/Body	breast right 90	MOVE_TO_SEXUAL_BONES	
breast right adj. 1	INCLUDE	INCLUDE	IN_MASTER_NON_SEXUAL	groupFile/Body	breast right adj. 1	MOVE_TO_SEXUAL_BONES	
breast right adj. 2	INCLUDE	INCLUDE	IN_MASTER_NON_SEXUAL	groupFile/Body	breast right adj. 2	MOVE_TO_SEXUAL_BONES	
breast right adj. 3	INCLUDE	INCLUDE	IN_MASTER_NON_SEXUAL	groupFile/Body	breast right adj. 3	MOVE_TO_SEXUAL_BONES	
breast right adj. 4	INCLUDE	INCLUDE	IN_MASTER_NON_SEXUAL	groupFile/Body	breast right adj. 4	MOVE_TO_SEXUAL_BONES	
breast right adj. 5	INCLUDE	INCLUDE	IN_MASTER_NON_SEXUAL	groupFile/Body	breast right adj. 5	MOVE_TO_SEXUAL_BONES	
breast right adj. 6	INCLUDE	INCLUDE	IN_MASTER_NON_SEXUAL	groupFile/Body	breast right adj. 6	MOVE_TO_SEXUAL_BONES	
breast right adj. 7	INCLUDE	INCLUDE	IN_MASTER_NON_SEXUAL	groupFile/Body	breast right adj. 7	MOVE_TO_SEXUAL_BONES	
breast right adj. 8	INCLUDE	INCLUDE	IN_MASTER_NON_SEXUAL	groupFile/Body	breast right adj. 8	MOVE_TO_SEXUAL_BONES	
breast right adj.1	INCLUDE	INCLUDE	IN_MASTER_NON_SEXUAL	groupFile/Body	breast right adj.1	MOVE_TO_SEXUAL_BONES	
breast right adj.2	INCLUDE	INCLUDE	IN_MASTER_NON_SEXUAL	groupFile/Body	breast right adj.2	MOVE_TO_SEXUAL_BONES	
breast right adj.3	INCLUDE	INCLUDE	IN_MASTER_NON_SEXUAL	groupFile/Body	breast right adj.3	MOVE_TO_SEXUAL_BONES	
breast right adj.4	INCLUDE	INCLUDE	IN_MASTER_NON_SEXUAL	groupFile/Body	breast right adj.4	MOVE_TO_SEXUAL_BONES	
breast right adj.5	INCLUDE	INCLUDE	IN_MASTER_NON_SEXUAL	groupFile/Body	breast right adj.5	MOVE_TO_SEXUAL_BONES	
breast right base 	INCLUDE	INCLUDE	IN_MASTER_NON_SEXUAL	groupFile/Body	breast right base 	MOVE_TO_SEXUAL_BONES	
breast right ctrl	INCLUDE	INCLUDE	IN_MASTER_NON_SEXUAL	groupFile/Body	breast right ctrl	MOVE_TO_SEXUAL_BONES	
breast right nip	INCLUDE	INCLUDE	IN_MASTER_NON_SEXUAL	groupFile/Body	breast right nip	MOVE_TO_SEXUAL_BONES	
breast.0.L	INCLUDE	INCLUDE	IN_MASTER_NON_SEXUAL	groupFile/Body Morphs	breast.0.l	MOVE_TO_SEXUAL_BONES	
breast.0.R	INCLUDE	INCLUDE	IN_MASTER_NON_SEXUAL	groupFile/Body Morphs	breast.0.r	MOVE_TO_SEXUAL_BONES	
breast.LJiggleControl	INCLUDE	INCLUDE	IN_MASTER_NON_SEXUAL	groupFile/Body Morphs	breast.ljigglecontrol	MOVE_TO_SEXUAL_BONES	
breast.Nipple.L.Outer	INCLUDE	INCLUDE	IN_MASTER_NON_SEXUAL	groupFile/Body Morphs	breast.nipple.l.outer	MOVE_TO_SEXUAL_BONES	
breast.Nipple.R.Outer	INCLUDE	INCLUDE	IN_MASTER_NON_SEXUAL	groupFile/Body Morphs	breast.nipple.r.outer	MOVE_TO_SEXUAL_BONES	
breast.RJiggleControl	INCLUDE	INCLUDE	IN_MASTER_NON_SEXUAL	groupFile/Body	breast.rjigglecontrol	MOVE_TO_SEXUAL_BONES	
breast_3_L	INCLUDE	INCLUDE	IN_MASTER_NON_SEXUAL	groupFile/Body	breast_3_l	MOVE_TO_SEXUAL_BONES	
breast_3_R	INCLUDE	INCLUDE	IN_MASTER_NON_SEXUAL	groupFile/Body	breast_3_r	MOVE_TO_SEXUAL_BONES	
breast_4_L	INCLUDE	INCLUDE	IN_MASTER_NON_SEXUAL	groupFile/Body	breast_4_l	MOVE_TO_SEXUAL_BONES	
breast_4_R	INCLUDE	INCLUDE	IN_MASTER_NON_SEXUAL	groupFile/Body	breast_4_r	MOVE_TO_SEXUAL_BONES	
breast_5_L	INCLUDE	INCLUDE	IN_MASTER_NON_SEXUAL	groupFile/Body	breast_5_l	MOVE_TO_SEXUAL_BONES	
breast_5_R	INCLUDE	INCLUDE	IN_MASTER_NON_SEXUAL	groupFile/Body	breast_5_r	MOVE_TO_SEXUAL_BONES	
breast_Left1	INCLUDE	INCLUDE	IN_MASTER_NON_SEXUAL	groupFile/Body	breast_left1	MOVE_TO_SEXUAL_BONES	
breast_Left_root	INCLUDE	INCLUDE	IN_MASTER_NON_SEXUAL	groupFile/Body	breast_left_root	MOVE_TO_SEXUAL_BONES	
breast_Right1	INCLUDE	INCLUDE	IN_MASTER_NON_SEXUAL	groupFile/Body	breast_right1	MOVE_TO_SEXUAL_BONES	
breast_Right_root	INCLUDE	INCLUDE	IN_MASTER_NON_SEXUAL	groupFile/Body	breast_right_root	MOVE_TO_SEXUAL_BONES	
breast_tip_L	INCLUDE	INCLUDE	IN_MASTER_NON_SEXUAL	groupFile/Body Morphs	breast_tip_l	MOVE_TO_SEXUAL_BONES	
breast_tip_R	INCLUDE	INCLUDE	IN_MASTER_NON_SEXUAL	groupFile/Body Morphs	breast_tip_r	MOVE_TO_SEXUAL_BONES	
BreastUpper1_L	INCLUDE	INCLUDE	IN_MASTER_NON_SEXUAL	groupFile/Body	breastupper1_l	MOVE_TO_SEXUAL_BONES	
BreastUpper1_R	INCLUDE	INCLUDE	IN_MASTER_NON_SEXUAL	groupFile/Body	breastupper1_r	MOVE_TO_SEXUAL_BONES	
butt back ctr	INCLUDE	INCLUDE	IN_MASTER_NON_SEXUAL	groupFile/Body	butt back ctr	MOVE_TO_SEXUAL_BONES	
Butt Left_jiggle	INCLUDE	INCLUDE	IN_MASTER_NON_SEXUAL	groupFile/Body	butt left_jiggle	MOVE_TO_SEXUAL_BONES	
Butt Left_jiggle_root	INCLUDE	INCLUDE	IN_MASTER_NON_SEXUAL	groupFile/Body	butt left_jiggle_root	MOVE_TO_SEXUAL_BONES	
Butt Right_jiggle	INCLUDE	INCLUDE	IN_MASTER_NON_SEXUAL	groupFile/Body	butt right_jiggle	MOVE_TO_SEXUAL_BONES	
Butt Right_jiggle_root	INCLUDE	INCLUDE	IN_MASTER_NON_SEXUAL	groupFile/Body	butt right_jiggle_root	MOVE_TO_SEXUAL_BONES	
butt root.l	INCLUDE	INCLUDE	IN_MASTER_NON_SEXUAL	groupFile/Body	butt root.l	MOVE_TO_SEXUAL_BONES	
butt root.r	INCLUDE	INCLUDE	IN_MASTER_NON_SEXUAL	groupFile/Body	butt root.r	MOVE_TO_SEXUAL_BONES	
Butt_Left	INCLUDE	INCLUDE	IN_MASTER_NON_SEXUAL	groupFile/Body Morphs	butt_left	MOVE_TO_SEXUAL_BONES	
butt_Left_root	INCLUDE	INCLUDE	IN_MASTER_NON_SEXUAL	groupFile/Body	butt_left_root	MOVE_TO_SEXUAL_BONES	
Butt_Right	INCLUDE	INCLUDE	IN_MASTER_NON_SEXUAL	groupFile/Body Morphs	butt_right	MOVE_TO_SEXUAL_BONES	
butt_Right_root	INCLUDE	INCLUDE	IN_MASTER_NON_SEXUAL	groupFile/Body	butt_right_root	MOVE_TO_SEXUAL_BONES	
Butt_Tip1_L__Janggle	INCLUDE	INCLUDE	IN_MASTER_NON_SEXUAL	groupFile/Body Morphs	butt_tip1_l__janggle	MOVE_TO_SEXUAL_BONES	
Butt_Tip1_R__Janggle	INCLUDE	INCLUDE	IN_MASTER_NON_SEXUAL	groupFile/Body	butt_tip1_r__janggle	MOVE_TO_SEXUAL_BONES	
canin_ball_l	INCLUDE	INCLUDE	IN_MASTER_NON_SEXUAL	groupFile/Body	canin_ball_l	MOVE_TO_SEXUAL_BONES	
canin_ball_l2	INCLUDE	INCLUDE	IN_MASTER_NON_SEXUAL	groupFile/Body	canin_ball_l2	MOVE_TO_SEXUAL_BONES	
canin_ball_r2	INCLUDE	INCLUDE	IN_MASTER_NON_SEXUAL	groupFile/Body	canin_ball_r2	MOVE_TO_SEXUAL_BONES	
CC_Base_L_Breast	INCLUDE	INCLUDE	IN_MASTER_NON_SEXUAL	groupFile/Body Morphs	cc_base_l_breast	MOVE_TO_SEXUAL_BONES	
CC_Base_R_Breast	INCLUDE	INCLUDE	IN_MASTER_NON_SEXUAL	groupFile/Body Morphs	cc_base_r_breast	MOVE_TO_SEXUAL_BONES	
cc_Butt.l	INCLUDE	INCLUDE	IN_MASTER_NON_SEXUAL	groupFile/Body	cc_butt.l	MOVE_TO_SEXUAL_BONES	
cc_Butt.l.001	INCLUDE	INCLUDE	IN_MASTER_NON_SEXUAL	groupFile/Body	cc_butt.l.001	MOVE_TO_SEXUAL_BONES	
cc_Butt.l.002	INCLUDE	INCLUDE	IN_MASTER_NON_SEXUAL	groupFile/Body	cc_butt.l.002	MOVE_TO_SEXUAL_BONES	
cc_Butt.r	INCLUDE	INCLUDE	IN_MASTER_NON_SEXUAL	groupFile/Body	cc_butt.r	MOVE_TO_SEXUAL_BONES	
cc_Butt.r.001	INCLUDE	INCLUDE	IN_MASTER_NON_SEXUAL	groupFile/Body	cc_butt.r.001	MOVE_TO_SEXUAL_BONES	
cc_Butt.r.002	INCLUDE	INCLUDE	IN_MASTER_NON_SEXUAL	groupFile/Body	cc_butt.r.002	MOVE_TO_SEXUAL_BONES	
clitoral_glans	INCLUDE	INCLUDE	IN_MASTER_NON_SEXUAL	groupFile/Body	clitoral_glans	MOVE_TO_SEXUAL_BONES	
Cock.Ball.Left	INCLUDE	INCLUDE	IN_MASTER_NON_SEXUAL	groupFile/Body	cock.ball.left	MOVE_TO_SEXUAL_BONES	
Cock.Ball.Right	INCLUDE	INCLUDE	IN_MASTER_NON_SEXUAL	groupFile/Body	cock.ball.right	MOVE_TO_SEXUAL_BONES	
Cock.Balls_1	INCLUDE	INCLUDE	IN_MASTER_NON_SEXUAL	groupFile/Body	cock.balls_1	MOVE_TO_SEXUAL_BONES	
Cock.Balls_2	INCLUDE	INCLUDE	IN_MASTER_NON_SEXUAL	groupFile/Body	cock.balls_2	MOVE_TO_SEXUAL_BONES	
Cock.Shaft_1	INCLUDE	INCLUDE	IN_MASTER_NON_SEXUAL	groupFile/Body Morphs	cock.shaft_1	MOVE_TO_SEXUAL_BONES	
Cock.Shaft_1_Skin	INCLUDE	INCLUDE	IN_MASTER_NON_SEXUAL	groupFile/Body	cock.shaft_1_skin	MOVE_TO_SEXUAL_BONES	
Cock.Shaft_2	INCLUDE	INCLUDE	IN_MASTER_NON_SEXUAL	groupFile/Body	cock.shaft_2	MOVE_TO_SEXUAL_BONES	
Cock.Shaft_2_Skin	INCLUDE	INCLUDE	IN_MASTER_NON_SEXUAL	groupFile/Body	cock.shaft_2_skin	MOVE_TO_SEXUAL_BONES	
Cock.Shaft_3	INCLUDE	INCLUDE	IN_MASTER_NON_SEXUAL	groupFile/Body	cock.shaft_3	MOVE_TO_SEXUAL_BONES	
Cock.Shaft_3_Skin	INCLUDE	INCLUDE	IN_MASTER_NON_SEXUAL	groupFile/Body Morphs	cock.shaft_3_skin	MOVE_TO_SEXUAL_BONES	
Cock.Shaft_4	INCLUDE	INCLUDE	IN_MASTER_NON_SEXUAL	groupFile/Body	cock.shaft_4	MOVE_TO_SEXUAL_BONES	
Cock.Shaft_4_Skin	INCLUDE	INCLUDE	IN_MASTER_NON_SEXUAL	groupFile/Body	cock.shaft_4_skin	MOVE_TO_SEXUAL_BONES	
Cock.Shaft_5	INCLUDE	INCLUDE	IN_MASTER_NON_SEXUAL	groupFile/Body Morphs	cock.shaft_5	MOVE_TO_SEXUAL_BONES	
Cock.Shaft_5_Skin	INCLUDE	INCLUDE	IN_MASTER_NON_SEXUAL	groupFile/Body	cock.shaft_5_skin	MOVE_TO_SEXUAL_BONES	
Cock.Shaft_6	INCLUDE	INCLUDE	IN_MASTER_NON_SEXUAL	groupFile/Body	cock.shaft_6	MOVE_TO_SEXUAL_BONES	
Cock.Shaft_6_Skin	INCLUDE	INCLUDE	IN_MASTER_NON_SEXUAL	groupFile/Body	cock.shaft_6_skin	MOVE_TO_SEXUAL_BONES	
Cock_01	INCLUDE	INCLUDE	IN_MASTER_NON_SEXUAL	groupFile/Body	cock_01	MOVE_TO_SEXUAL_BONES	
Cock_01.001	INCLUDE	INCLUDE	IN_MASTER_NON_SEXUAL	groupFile/Body	cock_01.001	MOVE_TO_SEXUAL_BONES	
Cock_02	INCLUDE	INCLUDE	IN_MASTER_NON_SEXUAL	groupFile/Body Morphs	cock_02	MOVE_TO_SEXUAL_BONES	
Cock_03	INCLUDE	INCLUDE	IN_MASTER_NON_SEXUAL	groupFile/Body	cock_03	MOVE_TO_SEXUAL_BONES	
Cock_04	INCLUDE	INCLUDE	IN_MASTER_NON_SEXUAL	groupFile/Body Morphs	cock_04	MOVE_TO_SEXUAL_BONES	
Cock_05	INCLUDE	INCLUDE	IN_MASTER_NON_SEXUAL	groupFile/Body	cock_05	MOVE_TO_SEXUAL_BONES	
Cock_06	INCLUDE	INCLUDE	IN_MASTER_NON_SEXUAL	groupFile/Body	cock_06	MOVE_TO_SEXUAL_BONES	
Cock_07	INCLUDE	INCLUDE	IN_MASTER_NON_SEXUAL	groupFile/Body	cock_07	MOVE_TO_SEXUAL_BONES	
Cock_08	INCLUDE	INCLUDE	IN_MASTER_NON_SEXUAL	groupFile/Body Morphs	cock_08	MOVE_TO_SEXUAL_BONES	
Cock_09	INCLUDE	INCLUDE	IN_MASTER_NON_SEXUAL	groupFile/Body	cock_09	MOVE_TO_SEXUAL_BONES	
CockBall_L	INCLUDE	INCLUDE	IN_MASTER_NON_SEXUAL	groupFile/Body	cockball_l	MOVE_TO_SEXUAL_BONES	
CockBall_R	INCLUDE	INCLUDE	IN_MASTER_NON_SEXUAL	groupFile/Body	cockball_r	MOVE_TO_SEXUAL_BONES	
CockBalls	INCLUDE	INCLUDE	IN_MASTER_NON_SEXUAL	groupFile/Body	cockballs	MOVE_TO_SEXUAL_BONES	
CockRoot	INCLUDE	INCLUDE	IN_MASTER_NON_SEXUAL	groupFile/Body Morphs	cockroot	MOVE_TO_SEXUAL_BONES	
donger01_CockRoot	INCLUDE	INCLUDE	IN_MASTER_NON_SEXUAL	groupFile/Body	donger01_cockroot	MOVE_TO_SEXUAL_BONES	
donger02_chain	INCLUDE	INCLUDE	IN_MASTER_NON_SEXUAL	groupFile/Body Morphs	donger02_chain	MOVE_TO_SEXUAL_BONES	
donger03_chain	INCLUDE	INCLUDE	IN_MASTER_NON_SEXUAL	groupFile/Body	donger03_chain	MOVE_TO_SEXUAL_BONES	
donger06_chain	INCLUDE	INCLUDE	IN_MASTER_NON_SEXUAL	groupFile/Body Morphs	donger06_chain	MOVE_TO_SEXUAL_BONES	
donger07_chain	INCLUDE	INCLUDE	IN_MASTER_NON_SEXUAL	groupFile/Body Morphs	donger07_chain	MOVE_TO_SEXUAL_BONES	
donger08_chain	INCLUDE	INCLUDE	IN_MASTER_NON_SEXUAL	groupFile/Body Morphs	donger08_chain	MOVE_TO_SEXUAL_BONES	
donger_end	INCLUDE	INCLUDE	IN_MASTER_NON_SEXUAL	groupFile/Body	donger_end	MOVE_TO_SEXUAL_BONES	
Foreskin	INCLUDE	INCLUDE	IN_MASTER_NON_SEXUAL	groupFile/Body Morphs	foreskin	MOVE_TO_SEXUAL_BONES	
foreskin_3	INCLUDE	INCLUDE	IN_MASTER_NON_SEXUAL	groupFile/Body	foreskin_3	MOVE_TO_SEXUAL_BONES	
foreskin_4	INCLUDE	INCLUDE	IN_MASTER_NON_SEXUAL	groupFile/Body	foreskin_4	MOVE_TO_SEXUAL_BONES	
foreskin_bottom	INCLUDE	INCLUDE	IN_MASTER_NON_SEXUAL	groupFile/Body Morphs	foreskin_bottom	MOVE_TO_SEXUAL_BONES	
foreskin_left	INCLUDE	INCLUDE	IN_MASTER_NON_SEXUAL	groupFile/Body Morphs	foreskin_left	MOVE_TO_SEXUAL_BONES	
foreskin_right	INCLUDE	INCLUDE	IN_MASTER_NON_SEXUAL	groupFile/Body	foreskin_right	MOVE_TO_SEXUAL_BONES	
foreskin_top	INCLUDE	INCLUDE	IN_MASTER_NON_SEXUAL	groupFile/Body Morphs	foreskin_top	MOVE_TO_SEXUAL_BONES	
genital left 1	INCLUDE	INCLUDE	IN_MASTER_NON_SEXUAL	groupFile/Body	genital left 1	MOVE_TO_SEXUAL_BONES	
genital left 2	INCLUDE	INCLUDE	IN_MASTER_NON_SEXUAL	groupFile/Body	genital left 2	MOVE_TO_SEXUAL_BONES	
genital lower	INCLUDE	INCLUDE	IN_MASTER_NON_SEXUAL	groupFile/Body	genital lower	MOVE_TO_SEXUAL_BONES	
genital right 1	INCLUDE	INCLUDE	IN_MASTER_NON_SEXUAL	groupFile/Body	genital right 1	MOVE_TO_SEXUAL_BONES	
genital right 2	INCLUDE	INCLUDE	IN_MASTER_NON_SEXUAL	groupFile/Body	genital right 2	MOVE_TO_SEXUAL_BONES	
genital upper	INCLUDE	INCLUDE	IN_MASTER_NON_SEXUAL	groupFile/Body	genital upper	MOVE_TO_SEXUAL_BONES	
GenitalRoot	INCLUDE	INCLUDE	IN_MASTER_NON_SEXUAL	groupFile/Body Morphs	genitalroot	MOVE_TO_SEXUAL_BONES	
genitals 01	INCLUDE	INCLUDE	IN_MASTER_NON_SEXUAL	groupFile/Body	genitals 01	MOVE_TO_SEXUAL_BONES	
genitals 02	INCLUDE	INCLUDE	IN_MASTER_NON_SEXUAL	groupFile/Body	genitals 02	MOVE_TO_SEXUAL_BONES	
genitals 03	INCLUDE	INCLUDE	IN_MASTER_NON_SEXUAL	groupFile/Body	genitals 03	MOVE_TO_SEXUAL_BONES	
genitals 04	INCLUDE	INCLUDE	IN_MASTER_NON_SEXUAL	groupFile/Body	genitals 04	MOVE_TO_SEXUAL_BONES	
genitals 05	INCLUDE	INCLUDE	IN_MASTER_NON_SEXUAL	groupFile/Body	genitals 05	MOVE_TO_SEXUAL_BONES	
genitals 06	INCLUDE	INCLUDE	IN_MASTER_NON_SEXUAL	groupFile/Body	genitals 06	MOVE_TO_SEXUAL_BONES	
genitals base	INCLUDE	INCLUDE	IN_MASTER_NON_SEXUAL	groupFile/Body	genitals base	MOVE_TO_SEXUAL_BONES	
genitals scrotum	INCLUDE	INCLUDE	IN_MASTER_NON_SEXUAL	groupFile/Body Morphs	genitals scrotum	MOVE_TO_SEXUAL_BONES	
Genitals_Clit	INCLUDE	INCLUDE	IN_MASTER_NON_SEXUAL	groupFile/Body Morphs	genitals_clit	MOVE_TO_SEXUAL_BONES	
Genitals_Inner_Back_Left	INCLUDE	INCLUDE	IN_MASTER_NON_SEXUAL	groupFile/Body	genitals_inner_back_left	MOVE_TO_SEXUAL_BONES	
Genitals_Inner_Back_Right	INCLUDE	INCLUDE	IN_MASTER_NON_SEXUAL	groupFile/Body	genitals_inner_back_right	MOVE_TO_SEXUAL_BONES	
Genitals_Inner_Front_Left	INCLUDE	INCLUDE	IN_MASTER_NON_SEXUAL	groupFile/Body	genitals_inner_front_left	MOVE_TO_SEXUAL_BONES	
Genitals_Inner_Front_Right	INCLUDE	INCLUDE	IN_MASTER_NON_SEXUAL	groupFile/Body	genitals_inner_front_right	MOVE_TO_SEXUAL_BONES	
Genitals_Inner_Middle_Left	INCLUDE	INCLUDE	IN_MASTER_NON_SEXUAL	groupFile/Body Morphs	genitals_inner_middle_left	MOVE_TO_SEXUAL_BONES	
Genitals_Inner_Middle_Right	INCLUDE	INCLUDE	IN_MASTER_NON_SEXUAL	groupFile/Body	genitals_inner_middle_right	MOVE_TO_SEXUAL_BONES	
Genitals_Outer_Back_Left	INCLUDE	INCLUDE	IN_MASTER_NON_SEXUAL	groupFile/Body	genitals_outer_back_left	MOVE_TO_SEXUAL_BONES	
Genitals_Outer_Back_Right	INCLUDE	INCLUDE	IN_MASTER_NON_SEXUAL	groupFile/Body Morphs	genitals_outer_back_right	MOVE_TO_SEXUAL_BONES	
Genitals_Outer_Front_Left	INCLUDE	INCLUDE	IN_MASTER_NON_SEXUAL	groupFile/Body	genitals_outer_front_left	MOVE_TO_SEXUAL_BONES	
Genitals_Outer_Front_Right	INCLUDE	INCLUDE	IN_MASTER_NON_SEXUAL	groupFile/Body Morphs	genitals_outer_front_right	MOVE_TO_SEXUAL_BONES	
Genitals_Outer_Middle_Left	INCLUDE	INCLUDE	IN_MASTER_NON_SEXUAL	groupFile/Body Morphs	genitals_outer_middle_left	MOVE_TO_SEXUAL_BONES	
Genitals_Outer_Middle_Right	INCLUDE	INCLUDE	IN_MASTER_NON_SEXUAL	groupFile/Body Morphs	genitals_outer_middle_right	MOVE_TO_SEXUAL_BONES	
J_Sec_L_Bust1	INCLUDE	INCLUDE	IN_MASTER_NON_SEXUAL	groupFile/Body Morphs	j_sec_l_bust1	MOVE_TO_SEXUAL_BONES	
J_Sec_L_Bust2	INCLUDE	INCLUDE	IN_MASTER_NON_SEXUAL	groupFile/Body Morphs	j_sec_l_bust2	MOVE_TO_SEXUAL_BONES	
J_Sec_R_Bust1	INCLUDE	INCLUDE	IN_MASTER_NON_SEXUAL	groupFile/Body Morphs	j_sec_r_bust1	MOVE_TO_SEXUAL_BONES	
J_Sec_R_Bust2	INCLUDE	INCLUDE	IN_MASTER_NON_SEXUAL	groupFile/Body Morphs	j_sec_r_bust2	MOVE_TO_SEXUAL_BONES	
jiggle.ball_l	INCLUDE	INCLUDE	IN_MASTER_NON_SEXUAL	groupFile/Body	jiggle.ball_l	MOVE_TO_SEXUAL_BONES	
jiggle.ball_r	INCLUDE	INCLUDE	IN_MASTER_NON_SEXUAL	groupFile/Body	jiggle.ball_r	MOVE_TO_SEXUAL_BONES	
JiggleButt_L	INCLUDE	INCLUDE	IN_MASTER_NON_SEXUAL	groupFile/Body	jigglebutt_l	MOVE_TO_SEXUAL_BONES	
JiggleButt_R	INCLUDE	INCLUDE	IN_MASTER_NON_SEXUAL	groupFile/Body	jigglebutt_r	MOVE_TO_SEXUAL_BONES	
KubLariBiped_Balls	INCLUDE	INCLUDE	IN_MASTER_NON_SEXUAL	groupFile/Body	kublaribiped_balls	MOVE_TO_SEXUAL_BONES	
KubLariBiped_Penis_R1	INCLUDE	INCLUDE	IN_MASTER_NON_SEXUAL	groupFile/Body Morphs	kublaribiped_penis_r1	MOVE_TO_SEXUAL_BONES	
KubLariBiped_Penis_R2	INCLUDE	INCLUDE	IN_MASTER_NON_SEXUAL	groupFile/Body	kublaribiped_penis_r2	MOVE_TO_SEXUAL_BONES	
KubLariBiped_Penis_R3	INCLUDE	INCLUDE	IN_MASTER_NON_SEXUAL	groupFile/Body	kublaribiped_penis_r3	MOVE_TO_SEXUAL_BONES	
KubLariBiped_Penis_R4	INCLUDE	INCLUDE	IN_MASTER_NON_SEXUAL	groupFile/Body Morphs	kublaribiped_penis_r4	MOVE_TO_SEXUAL_BONES	
KubLariBiped_Penis_R5	INCLUDE	INCLUDE	IN_MASTER_NON_SEXUAL	groupFile/Body	kublaribiped_penis_r5	MOVE_TO_SEXUAL_BONES	
KubLariBiped_Penis_R6	INCLUDE	INCLUDE	IN_MASTER_NON_SEXUAL	groupFile/Body	kublaribiped_penis_r6	MOVE_TO_SEXUAL_BONES	
l boob	INCLUDE	INCLUDE	IN_MASTER_NON_SEXUAL	groupFile/Body Morphs	l boob	MOVE_TO_SEXUAL_BONES	
L_breast0	INCLUDE	INCLUDE	IN_MASTER_NON_SEXUAL	groupFile/Body	l_breast0	MOVE_TO_SEXUAL_BONES	
L_breast0_jiggle	INCLUDE	INCLUDE	IN_MASTER_NON_SEXUAL	groupFile/Body	l_breast0_jiggle	MOVE_TO_SEXUAL_BONES	
L_breast0_jiggle_root	INCLUDE	INCLUDE	IN_MASTER_NON_SEXUAL	groupFile/Body	l_breast0_jiggle_root	MOVE_TO_SEXUAL_BONES	
L_breast1	INCLUDE	INCLUDE	IN_MASTER_NON_SEXUAL	groupFile/Body	l_breast1	MOVE_TO_SEXUAL_BONES	
L_breast1_jiggle	INCLUDE	INCLUDE	IN_MASTER_NON_SEXUAL	groupFile/Body	l_breast1_jiggle	MOVE_TO_SEXUAL_BONES	
L_Butt_bottem	INCLUDE	INCLUDE	IN_MASTER_NON_SEXUAL	groupFile/Body	l_butt_bottem	MOVE_TO_SEXUAL_BONES	
L_Butt_Butt	INCLUDE	INCLUDE	IN_MASTER_NON_SEXUAL	groupFile/Body	l_butt_butt	MOVE_TO_SEXUAL_BONES	
L_butt_jiggle_root	INCLUDE	INCLUDE	IN_MASTER_NON_SEXUAL	groupFile/Body	l_butt_jiggle_root	MOVE_TO_SEXUAL_BONES	
L_Butt_left	INCLUDE	INCLUDE	IN_MASTER_NON_SEXUAL	groupFile/Body	l_butt_left	MOVE_TO_SEXUAL_BONES	
L_Butt_right	INCLUDE	INCLUDE	IN_MASTER_NON_SEXUAL	groupFile/Body	l_butt_right	MOVE_TO_SEXUAL_BONES	
L_Butt_Top	INCLUDE	INCLUDE	IN_MASTER_NON_SEXUAL	groupFile/Body	l_butt_top	MOVE_TO_SEXUAL_BONES	
Labia1_L	INCLUDE	INCLUDE	IN_MASTER_NON_SEXUAL	groupFile/Legs/LeftLeg	labia1_l	MOVE_TO_SEXUAL_BONES	
Labia1_R	INCLUDE	INCLUDE	IN_MASTER_NON_SEXUAL	groupFile/Legs/RightLeg	labia1_r	MOVE_TO_SEXUAL_BONES	
LabiumMajora1_L	INCLUDE	INCLUDE	IN_MASTER_NON_SEXUAL	groupFile/Body	labiummajora1_l	MOVE_TO_SEXUAL_BONES	
LabiumMajora1_R	INCLUDE	INCLUDE	IN_MASTER_NON_SEXUAL	groupFile/Body	labiummajora1_r	MOVE_TO_SEXUAL_BONES	
LabiumMajora2_L	INCLUDE	INCLUDE	IN_MASTER_NON_SEXUAL	groupFile/Body Morphs	labiummajora2_l	MOVE_TO_SEXUAL_BONES	
LabiumMajora2_R	INCLUDE	INCLUDE	IN_MASTER_NON_SEXUAL	groupFile/Body	labiummajora2_r	MOVE_TO_SEXUAL_BONES	
Left_Butt	INCLUDE	INCLUDE	IN_MASTER_NON_SEXUAL	groupFile/Body	left_butt	MOVE_TO_SEXUAL_BONES	
left_butt	INCLUDE	INCLUDE	IN_MASTER_NON_SEXUAL	groupFile/Body	left_butt	MOVE_TO_SEXUAL_BONES	
Left_Small_Labia3	INCLUDE	INCLUDE	IN_MASTER_NON_SEXUAL	groupFile/Body	left_small_labia3	MOVE_TO_SEXUAL_BONES	
Left_Small_Labia4	INCLUDE	INCLUDE	IN_MASTER_NON_SEXUAL	groupFile/Body Morphs	left_small_labia4	MOVE_TO_SEXUAL_BONES	
left_u_vag_1	INCLUDE	INCLUDE	IN_MASTER_NON_SEXUAL	groupFile/Body	left_u_vag_1	MOVE_TO_SEXUAL_BONES	
left_u_vag_2	INCLUDE	INCLUDE	IN_MASTER_NON_SEXUAL	groupFile/Body	left_u_vag_2	MOVE_TO_SEXUAL_BONES	
left_vag_d_1	INCLUDE	INCLUDE	IN_MASTER_NON_SEXUAL	groupFile/Body Morphs	left_vag_d_1	MOVE_TO_SEXUAL_BONES	
left_vag_d_2	INCLUDE	INCLUDE	IN_MASTER_NON_SEXUAL	groupFile/Body	left_vag_d_2	MOVE_TO_SEXUAL_BONES	
LeftBreast	INCLUDE	INCLUDE	IN_MASTER_NON_SEXUAL	groupFile/Body Morphs	leftbreast	MOVE_TO_SEXUAL_BONES	
LeftBreast4_Janggle	INCLUDE	INCLUDE	IN_MASTER_NON_SEXUAL	groupFile/Body	leftbreast4_janggle	MOVE_TO_SEXUAL_BONES	
LeftBreast5	INCLUDE	INCLUDE	IN_MASTER_NON_SEXUAL	groupFile/Body	leftbreast5	MOVE_TO_SEXUAL_BONES	
LeftBreast5_Janggle	INCLUDE	INCLUDE	IN_MASTER_NON_SEXUAL	groupFile/Body	leftbreast5_janggle	MOVE_TO_SEXUAL_BONES	
LeftBreast6	INCLUDE	INCLUDE	IN_MASTER_NON_SEXUAL	groupFile/Body	leftbreast6	MOVE_TO_SEXUAL_BONES	
LeftBreast6_Janggle	INCLUDE	INCLUDE	IN_MASTER_NON_SEXUAL	groupFile/Body	leftbreast6_janggle	MOVE_TO_SEXUAL_BONES	
LeftBreast7	INCLUDE	INCLUDE	IN_MASTER_NON_SEXUAL	groupFile/Body	leftbreast7	MOVE_TO_SEXUAL_BONES	
LeftBreast7_Janggle	INCLUDE	INCLUDE	IN_MASTER_NON_SEXUAL	groupFile/Body	leftbreast7_janggle	MOVE_TO_SEXUAL_BONES	
leg left butt 1	INCLUDE	INCLUDE	IN_MASTER_NON_SEXUAL	groupFile/Body	leg left butt 1	MOVE_TO_SEXUAL_BONES	
leg left butt 2	INCLUDE	INCLUDE	IN_MASTER_NON_SEXUAL	groupFile/Body	leg left butt 2	MOVE_TO_SEXUAL_BONES	
leg left buttock	INCLUDE	INCLUDE	IN_MASTER_NON_SEXUAL	groupFile/Body	leg left buttock	MOVE_TO_SEXUAL_BONES	
leg right butt 1	INCLUDE	INCLUDE	IN_MASTER_NON_SEXUAL	groupFile/Body	leg right butt 1	MOVE_TO_SEXUAL_BONES	
leg right butt 2	INCLUDE	INCLUDE	IN_MASTER_NON_SEXUAL	groupFile/Legs/RightLeg	leg right butt 2	MOVE_TO_SEXUAL_BONES	
leg right buttock	INCLUDE	INCLUDE	IN_MASTER_NON_SEXUAL	groupFile/Legs/RightLeg	leg right buttock	MOVE_TO_SEXUAL_BONES	
leg right_butt_ctr	INCLUDE	INCLUDE	IN_MASTER_NON_SEXUAL	groupFile/Body	leg right_butt_ctr	MOVE_TO_SEXUAL_BONES	
MidAss	INCLUDE	INCLUDE	IN_MASTER_NON_SEXUAL	groupFile/Body	midass	MOVE_TO_SEXUAL_BONES	
NPC Urethra	INCLUDE	INCLUDE	IN_MASTER_NON_SEXUAL	groupFile/Body Morphs	npc urethra	MOVE_TO_SEXUAL_BONES	
OPT_Breast_*1.1.L	INCLUDE	INCLUDE	IN_MASTER_NON_SEXUAL	groupFile/Body	opt_breast_*1.1.l	MOVE_TO_SEXUAL_BONES	
OPT_Breast_*1.1.R	INCLUDE	INCLUDE	IN_MASTER_NON_SEXUAL	groupFile/Body	opt_breast_*1.1.r	MOVE_TO_SEXUAL_BONES	
OPT_Breast_*2.1.L	INCLUDE	INCLUDE	IN_MASTER_NON_SEXUAL	groupFile/Body	opt_breast_*2.1.l	MOVE_TO_SEXUAL_BONES	
OPT_Breast_*2.1.R	INCLUDE	INCLUDE	IN_MASTER_NON_SEXUAL	groupFile/Body	opt_breast_*2.1.r	MOVE_TO_SEXUAL_BONES	
OPT_Breast_Left1	INCLUDE	INCLUDE	IN_MASTER_NON_SEXUAL	groupFile/Body	opt_breast_left1	MOVE_TO_SEXUAL_BONES	
OPT_Breast_Left2	INCLUDE	INCLUDE	IN_MASTER_NON_SEXUAL	groupFile/Body	opt_breast_left2	MOVE_TO_SEXUAL_BONES	
OPT_Breast_Left3	INCLUDE	INCLUDE	IN_MASTER_NON_SEXUAL	groupFile/Body	opt_breast_left3	MOVE_TO_SEXUAL_BONES	
OPT_Breast_Left4	INCLUDE	INCLUDE	IN_MASTER_NON_SEXUAL	groupFile/Body	opt_breast_left4	MOVE_TO_SEXUAL_BONES	
OPT_Breast_Left5	INCLUDE	INCLUDE	IN_MASTER_NON_SEXUAL	groupFile/Body	opt_breast_left5	MOVE_TO_SEXUAL_BONES	
OPT_Breast_Left_base	INCLUDE	INCLUDE	IN_MASTER_NON_SEXUAL	groupFile/Body	opt_breast_left_base	MOVE_TO_SEXUAL_BONES	
OPT_Breast_Left_tip	INCLUDE	INCLUDE	IN_MASTER_NON_SEXUAL	groupFile/Body	opt_breast_left_tip	MOVE_TO_SEXUAL_BONES	
OPT_Breast_Right1	INCLUDE	INCLUDE	IN_MASTER_NON_SEXUAL	groupFile/Body	opt_breast_right1	MOVE_TO_SEXUAL_BONES	
OPT_Breast_Right2	INCLUDE	INCLUDE	IN_MASTER_NON_SEXUAL	groupFile/Body	opt_breast_right2	MOVE_TO_SEXUAL_BONES	
OPT_Breast_Right3	INCLUDE	INCLUDE	IN_MASTER_NON_SEXUAL	groupFile/Body	opt_breast_right3	MOVE_TO_SEXUAL_BONES	
OPT_Breast_Right4	INCLUDE	INCLUDE	IN_MASTER_NON_SEXUAL	groupFile/Body	opt_breast_right4	MOVE_TO_SEXUAL_BONES	
OPT_Breast_Right5	INCLUDE	INCLUDE	IN_MASTER_NON_SEXUAL	groupFile/Body	opt_breast_right5	MOVE_TO_SEXUAL_BONES	
OPT_Breast_Right_base	INCLUDE	INCLUDE	IN_MASTER_NON_SEXUAL	groupFile/Body	opt_breast_right_base	MOVE_TO_SEXUAL_BONES	
OPT_Breast_Right_tip	INCLUDE	INCLUDE	IN_MASTER_NON_SEXUAL	groupFile/Body	opt_breast_right_tip	MOVE_TO_SEXUAL_BONES	
pb_L_CMY01_Breast_01	INCLUDE	INCLUDE	IN_MASTER_NON_SEXUAL	groupFile/Body	pb_l_cmy01_breast_01	MOVE_TO_SEXUAL_BONES	
pb_R_CMY01_Breast_01	INCLUDE	INCLUDE	IN_MASTER_NON_SEXUAL	groupFile/Body	pb_r_cmy01_breast_01	MOVE_TO_SEXUAL_BONES	
penis balls left	INCLUDE	INCLUDE	IN_MASTER_NON_SEXUAL	groupFile/Body	penis balls left	MOVE_TO_SEXUAL_BONES	
penis balls right	INCLUDE	INCLUDE	IN_MASTER_NON_SEXUAL	groupFile/Body Morphs	penis balls right	MOVE_TO_SEXUAL_BONES	
penis balls root	INCLUDE	INCLUDE	IN_MASTER_NON_SEXUAL	groupFile/Body	penis balls root	MOVE_TO_SEXUAL_BONES	
penis root	INCLUDE	INCLUDE	IN_MASTER_NON_SEXUAL	groupFile/Body	penis root	MOVE_TO_SEXUAL_BONES	
penis shaft 1	INCLUDE	INCLUDE	IN_MASTER_NON_SEXUAL	groupFile/Body	penis shaft 1	MOVE_TO_SEXUAL_BONES	
penis shaft 2	INCLUDE	INCLUDE	IN_MASTER_NON_SEXUAL	groupFile/Body	penis shaft 2	MOVE_TO_SEXUAL_BONES	
penis shaft 3	INCLUDE	INCLUDE	IN_MASTER_NON_SEXUAL	groupFile/Body	penis shaft 3	MOVE_TO_SEXUAL_BONES	
penis shaft 4	INCLUDE	INCLUDE	IN_MASTER_NON_SEXUAL	groupFile/Body Morphs	penis shaft 4	MOVE_TO_SEXUAL_BONES	
penis shaft 5	INCLUDE	INCLUDE	IN_MASTER_NON_SEXUAL	groupFile/Body	penis shaft 5	MOVE_TO_SEXUAL_BONES	
penis shaft 6	INCLUDE	INCLUDE	IN_MASTER_NON_SEXUAL	groupFile/Body	penis shaft 6	MOVE_TO_SEXUAL_BONES	
penis shaft 7	INCLUDE	INCLUDE	IN_MASTER_NON_SEXUAL	groupFile/Body Morphs	penis shaft 7	MOVE_TO_SEXUAL_BONES	
penis1_1	INCLUDE	INCLUDE	IN_MASTER_NON_SEXUAL	groupFile/Body	penis1_1	MOVE_TO_SEXUAL_BONES	
penis2_00002	INCLUDE	INCLUDE	IN_MASTER_NON_SEXUAL	groupFile/Body Morphs	penis2_00002	MOVE_TO_SEXUAL_BONES	
Penis_05Rim_T	INCLUDE	INCLUDE	IN_MASTER_NON_SEXUAL	groupFile/Body	penis_05rim_t	MOVE_TO_SEXUAL_BONES	
Penis_06.002	INCLUDE	INCLUDE	IN_MASTER_NON_SEXUAL	groupFile/Body Morphs	penis_06.002	MOVE_TO_SEXUAL_BONES	
Penis_06.003	INCLUDE	INCLUDE	IN_MASTER_NON_SEXUAL	groupFile/Body Morphs	penis_06.003	MOVE_TO_SEXUAL_BONES	
Penis_06.004	INCLUDE	INCLUDE	IN_MASTER_NON_SEXUAL	groupFile/Body	penis_06.004	MOVE_TO_SEXUAL_BONES	
penis_f_2	INCLUDE	INCLUDE	IN_MASTER_NON_SEXUAL	groupFile/Body Morphs	penis_f_2	MOVE_TO_SEXUAL_BONES	
penis_f_3	INCLUDE	INCLUDE	IN_MASTER_NON_SEXUAL	groupFile/Body	penis_f_3	MOVE_TO_SEXUAL_BONES	
PenisTip	INCLUDE	INCLUDE	IN_MASTER_NON_SEXUAL	groupFile/Body Morphs	penistip	MOVE_TO_SEXUAL_BONES	
pussy chitsu base	INCLUDE	INCLUDE	IN_MASTER_NON_SEXUAL	groupFile/Body Morphs	pussy chitsu base	MOVE_TO_SEXUAL_BONES	
pussy chitsu left	INCLUDE	INCLUDE	IN_MASTER_NON_SEXUAL	groupFile/Body Morphs	pussy chitsu left	MOVE_TO_SEXUAL_BONES	
pussy chitsu right	INCLUDE	INCLUDE	IN_MASTER_NON_SEXUAL	groupFile/Body Morphs	pussy chitsu right	MOVE_TO_SEXUAL_BONES	
pussy clitoris	INCLUDE	INCLUDE	IN_MASTER_NON_SEXUAL	groupFile/Body	pussy clitoris	MOVE_TO_SEXUAL_BONES	
pussy clitoris 1	INCLUDE	INCLUDE	IN_MASTER_NON_SEXUAL	groupFile/Body	pussy clitoris 1	MOVE_TO_SEXUAL_BONES	
pussy clitoris 2	INCLUDE	INCLUDE	IN_MASTER_NON_SEXUAL	groupFile/Body Morphs	pussy clitoris 2	MOVE_TO_SEXUAL_BONES	
pussy clitoris 3	INCLUDE	INCLUDE	IN_MASTER_NON_SEXUAL	groupFile/Body	pussy clitoris 3	MOVE_TO_SEXUAL_BONES	
pussy high	INCLUDE	INCLUDE	IN_MASTER_NON_SEXUAL	groupFile/Body	pussy high	MOVE_TO_SEXUAL_BONES	
pussy left 1	INCLUDE	INCLUDE	IN_MASTER_NON_SEXUAL	groupFile/Body Morphs	pussy left 1	MOVE_TO_SEXUAL_BONES	
pussy left 3	INCLUDE	INCLUDE	IN_MASTER_NON_SEXUAL	groupFile/Body	pussy left 3	MOVE_TO_SEXUAL_BONES	
pussy left in 1	INCLUDE	INCLUDE	IN_MASTER_NON_SEXUAL	groupFile/Body Morphs	pussy left in 1	MOVE_TO_SEXUAL_BONES	
pussy left in 2	INCLUDE	INCLUDE	IN_MASTER_NON_SEXUAL	groupFile/Body	pussy left in 2	MOVE_TO_SEXUAL_BONES	
pussy right 1	INCLUDE	INCLUDE	IN_MASTER_NON_SEXUAL	groupFile/Body	pussy right 1	MOVE_TO_SEXUAL_BONES	
pussy right 3	INCLUDE	INCLUDE	IN_MASTER_NON_SEXUAL	groupFile/Body	pussy right 3	MOVE_TO_SEXUAL_BONES	
pussy right in 1	INCLUDE	INCLUDE	IN_MASTER_NON_SEXUAL	groupFile/Body Morphs	pussy right in 1	MOVE_TO_SEXUAL_BONES	
pussy right in 2	INCLUDE	INCLUDE	IN_MASTER_NON_SEXUAL	groupFile/Body	pussy right in 2	MOVE_TO_SEXUAL_BONES	
Pussy_left	INCLUDE	INCLUDE	IN_MASTER_NON_SEXUAL	groupFile/Body	pussy_left	MOVE_TO_SEXUAL_BONES	
Pussy_right	INCLUDE	INCLUDE	IN_MASTER_NON_SEXUAL	groupFile/Body Morphs	pussy_right	MOVE_TO_SEXUAL_BONES	
r boob	INCLUDE	INCLUDE	IN_MASTER_NON_SEXUAL	groupFile/Body Morphs	r boob	MOVE_TO_SEXUAL_BONES	
R__Butt_Top	INCLUDE	INCLUDE	IN_MASTER_NON_SEXUAL	groupFile/Body	r__butt_top	MOVE_TO_SEXUAL_BONES	
R_breast0	INCLUDE	INCLUDE	IN_MASTER_NON_SEXUAL	groupFile/Body	r_breast0	MOVE_TO_SEXUAL_BONES	
R_breast0_jiggle	INCLUDE	INCLUDE	IN_MASTER_NON_SEXUAL	groupFile/Body	r_breast0_jiggle	MOVE_TO_SEXUAL_BONES	
R_breast0_jiggle_root	INCLUDE	INCLUDE	IN_MASTER_NON_SEXUAL	groupFile/Body	r_breast0_jiggle_root	MOVE_TO_SEXUAL_BONES	
R_breast1	INCLUDE	INCLUDE	IN_MASTER_NON_SEXUAL	groupFile/Body	r_breast1	MOVE_TO_SEXUAL_BONES	
R_breast1_jiggle	INCLUDE	INCLUDE	IN_MASTER_NON_SEXUAL	groupFile/Body	r_breast1_jiggle	MOVE_TO_SEXUAL_BONES	
R_Butt_bottem	INCLUDE	INCLUDE	IN_MASTER_NON_SEXUAL	groupFile/Body	r_butt_bottem	MOVE_TO_SEXUAL_BONES	
R_Butt_Butt	INCLUDE	INCLUDE	IN_MASTER_NON_SEXUAL	groupFile/Body	r_butt_butt	MOVE_TO_SEXUAL_BONES	
R_butt_jiggle_root	INCLUDE	INCLUDE	IN_MASTER_NON_SEXUAL	groupFile/Body	r_butt_jiggle_root	MOVE_TO_SEXUAL_BONES	
R_Butt_left	INCLUDE	INCLUDE	IN_MASTER_NON_SEXUAL	groupFile/Body	r_butt_left	MOVE_TO_SEXUAL_BONES	
R_Butt_right	INCLUDE	INCLUDE	IN_MASTER_NON_SEXUAL	groupFile/Body	r_butt_right	MOVE_TO_SEXUAL_BONES	
Right_Butt	INCLUDE	INCLUDE	IN_MASTER_NON_SEXUAL	groupFile/Body	right_butt	MOVE_TO_SEXUAL_BONES	
right_butt	INCLUDE	INCLUDE	IN_MASTER_NON_SEXUAL	groupFile/Body	right_butt	MOVE_TO_SEXUAL_BONES	
Right_Small_Labia3	INCLUDE	INCLUDE	IN_MASTER_NON_SEXUAL	groupFile/Body Morphs	right_small_labia3	MOVE_TO_SEXUAL_BONES	
Right_Small_Labia4	INCLUDE	INCLUDE	IN_MASTER_NON_SEXUAL	groupFile/Body	right_small_labia4	MOVE_TO_SEXUAL_BONES	
right_u_vag_1	INCLUDE	INCLUDE	IN_MASTER_NON_SEXUAL	groupFile/Body	right_u_vag_1	MOVE_TO_SEXUAL_BONES	
right_u_vag_2	INCLUDE	INCLUDE	IN_MASTER_NON_SEXUAL	groupFile/Body Morphs	right_u_vag_2	MOVE_TO_SEXUAL_BONES	
right_vag_d_1	INCLUDE	INCLUDE	IN_MASTER_NON_SEXUAL	groupFile/Body	right_vag_d_1	MOVE_TO_SEXUAL_BONES	
right_vag_d_2	INCLUDE	INCLUDE	IN_MASTER_NON_SEXUAL	groupFile/Body	right_vag_d_2	MOVE_TO_SEXUAL_BONES	
RightBreast	INCLUDE	INCLUDE	IN_MASTER_NON_SEXUAL	groupFile/Body Morphs	rightbreast	MOVE_TO_SEXUAL_BONES	
RightBreast4_Janggle	INCLUDE	INCLUDE	IN_MASTER_NON_SEXUAL	groupFile/Body	rightbreast4_janggle	MOVE_TO_SEXUAL_BONES	
RightBreast5	INCLUDE	INCLUDE	IN_MASTER_NON_SEXUAL	groupFile/Body	rightbreast5	MOVE_TO_SEXUAL_BONES	
RightBreast5_Janggle	INCLUDE	INCLUDE	IN_MASTER_NON_SEXUAL	groupFile/Body	rightbreast5_janggle	MOVE_TO_SEXUAL_BONES	
RightBreast6	INCLUDE	INCLUDE	IN_MASTER_NON_SEXUAL	groupFile/Body	rightbreast6	MOVE_TO_SEXUAL_BONES	
RightBreast6_Janggle	INCLUDE	INCLUDE	IN_MASTER_NON_SEXUAL	groupFile/Body	rightbreast6_janggle	MOVE_TO_SEXUAL_BONES	
RightBreast7	INCLUDE	INCLUDE	IN_MASTER_NON_SEXUAL	groupFile/Body	rightbreast7	MOVE_TO_SEXUAL_BONES	
RightBreast7_Janggle	INCLUDE	INCLUDE	IN_MASTER_NON_SEXUAL	groupFile/Body	rightbreast7_janggle	MOVE_TO_SEXUAL_BONES	
Ruby_lf_breast_a_jnt	INCLUDE	INCLUDE	IN_MASTER_NON_SEXUAL	groupFile/Body	ruby_lf_breast_a_jnt	MOVE_TO_SEXUAL_BONES	
Ruby_lf_breast_b_jnt	INCLUDE	INCLUDE	IN_MASTER_NON_SEXUAL	groupFile/Body	ruby_lf_breast_b_jnt	MOVE_TO_SEXUAL_BONES	
Ruby_rt_breast_a_jnt	INCLUDE	INCLUDE	IN_MASTER_NON_SEXUAL	groupFile/Body	ruby_rt_breast_a_jnt	MOVE_TO_SEXUAL_BONES	
Ruby_rt_breast_b_jnt	INCLUDE	INCLUDE	IN_MASTER_NON_SEXUAL	groupFile/Body	ruby_rt_breast_b_jnt	MOVE_TO_SEXUAL_BONES	
scrotum00	INCLUDE	INCLUDE	IN_MASTER_NON_SEXUAL	groupFile/Body	scrotum00	MOVE_TO_SEXUAL_BONES	
scrotum01	INCLUDE	INCLUDE	IN_MASTER_NON_SEXUAL	groupFile/Body Morphs	scrotum01	MOVE_TO_SEXUAL_BONES	
scrotumLeft	INCLUDE	INCLUDE	IN_MASTER_NON_SEXUAL	groupFile/Body	scrotumleft	MOVE_TO_SEXUAL_BONES	
scrotumRight	INCLUDE	INCLUDE	IN_MASTER_NON_SEXUAL	groupFile/Body	scrotumright	MOVE_TO_SEXUAL_BONES	
scrotumROOT	INCLUDE	INCLUDE	IN_MASTER_NON_SEXUAL	groupFile/Body	scrotumroot	MOVE_TO_SEXUAL_BONES	
testes_f	INCLUDE	INCLUDE	IN_MASTER_NON_SEXUAL	groupFile/Body	testes_f	MOVE_TO_SEXUAL_BONES	
TESTICLES L	INCLUDE	INCLUDE	IN_MASTER_NON_SEXUAL	groupFile/Body	testicles l	MOVE_TO_SEXUAL_BONES	
TESTICLES R	INCLUDE	INCLUDE	IN_MASTER_NON_SEXUAL	groupFile/Body	testicles r	MOVE_TO_SEXUAL_BONES	
TESTICLES ROOT	INCLUDE	INCLUDE	IN_MASTER_NON_SEXUAL	groupFile/Body	testicles root	MOVE_TO_SEXUAL_BONES	
testis_f_L	INCLUDE	INCLUDE	IN_MASTER_NON_SEXUAL	groupFile/Body	testis_f_l	MOVE_TO_SEXUAL_BONES	
testis_f_R	INCLUDE	INCLUDE	IN_MASTER_NON_SEXUAL	groupFile/Body	testis_f_r	MOVE_TO_SEXUAL_BONES	
TopAss	INCLUDE	INCLUDE	IN_MASTER_NON_SEXUAL	groupFile/Body	topass	MOVE_TO_SEXUAL_BONES	
unused left testicle jiggle item_penis	INCLUDE	INCLUDE	IN_MASTER_NON_SEXUAL	groupFile/Useless	unused left testicle jiggle item_penis	MOVE_TO_SEXUAL_BONES	
unused right testicle jiggle item_penis	INCLUDE	INCLUDE	IN_MASTER_NON_SEXUAL	groupFile/Useless	unused right testicle jiggle item_penis	MOVE_TO_SEXUAL_BONES	
Vag_Back_Jnt.001	INCLUDE	INCLUDE	IN_MASTER_NON_SEXUAL	groupFile/Body	vag_back_jnt.001	MOVE_TO_SEXUAL_BONES	
Vag_Front_Jnt.001	INCLUDE	INCLUDE	IN_MASTER_NON_SEXUAL	groupFile/Body	vag_front_jnt.001	MOVE_TO_SEXUAL_BONES	
Vag_L.001	INCLUDE	INCLUDE	IN_MASTER_NON_SEXUAL	groupFile/Body	vag_l.001	MOVE_TO_SEXUAL_BONES	
Vag_Out_Jnt.001	INCLUDE	INCLUDE	IN_MASTER_NON_SEXUAL	groupFile/Body	vag_out_jnt.001	MOVE_TO_SEXUAL_BONES	
Vag_R.001	INCLUDE	INCLUDE	IN_MASTER_NON_SEXUAL	groupFile/Body	vag_r.001	MOVE_TO_SEXUAL_BONES	
Vagina Down	INCLUDE	INCLUDE	IN_MASTER_NON_SEXUAL	groupFile/Body Morphs	vagina down	MOVE_TO_SEXUAL_BONES	
vagina_base	INCLUDE	INCLUDE	IN_MASTER_NON_SEXUAL	groupFile/Body	vagina_base	MOVE_TO_SEXUAL_BONES	
vagina_left	INCLUDE	INCLUDE	IN_MASTER_NON_SEXUAL	groupFile/Body	vagina_left	MOVE_TO_SEXUAL_BONES	
vagina_right	INCLUDE	INCLUDE	IN_MASTER_NON_SEXUAL	groupFile/Body	vagina_right	MOVE_TO_SEXUAL_BONES	
ValveBiped.Bip01_L_BreastHelper	INCLUDE	INCLUDE	IN_MASTER_NON_SEXUAL	groupFile/Body	valvebiped.bip01_l_breasthelper	MOVE_TO_SEXUAL_BONES	
ValveBiped.Bip01_L_Butt0_JiggleRoot	INCLUDE	INCLUDE	IN_MASTER_NON_SEXUAL	groupFile/Body	valvebiped.bip01_l_butt0_jiggleroot	MOVE_TO_SEXUAL_BONES	
ValveBiped.Bip01_L_ButtHelper	INCLUDE	INCLUDE	IN_MASTER_NON_SEXUAL	groupFile/Body	valvebiped.bip01_l_butthelper	MOVE_TO_SEXUAL_BONES	
ValveBiped.Bip01_L_Nipples	INCLUDE	INCLUDE	IN_MASTER_NON_SEXUAL	groupFile/Body	valvebiped.bip01_l_nipples	MOVE_TO_SEXUAL_BONES	
ValveBiped.Bip01_L_Testicle0	INCLUDE	INCLUDE	IN_MASTER_NON_SEXUAL	groupFile/Body Morphs	valvebiped.bip01_l_testicle0	MOVE_TO_SEXUAL_BONES	
ValveBiped.Bip01_L_Testicle01	INCLUDE	INCLUDE	IN_MASTER_NON_SEXUAL	groupFile/Body	valvebiped.bip01_l_testicle01	MOVE_TO_SEXUAL_BONES	
ValveBiped.Bip01_L_Vulva	INCLUDE	INCLUDE	IN_MASTER_NON_SEXUAL	groupFile/Body	valvebiped.bip01_l_vulva	MOVE_TO_SEXUAL_BONES	
ValveBiped.Bip01_L_VulvaB	INCLUDE	INCLUDE	IN_MASTER_NON_SEXUAL	groupFile/Body	valvebiped.bip01_l_vulvab	MOVE_TO_SEXUAL_BONES	
ValveBiped.Bip01_L_VulvaF	INCLUDE	INCLUDE	IN_MASTER_NON_SEXUAL	groupFile/Body	valvebiped.bip01_l_vulvaf	MOVE_TO_SEXUAL_BONES	
ValveBiped.Bip01_lBreast	INCLUDE	INCLUDE	IN_MASTER_NON_SEXUAL	groupFile/Body	valvebiped.bip01_lbreast	MOVE_TO_SEXUAL_BONES	
ValveBiped.Bip01_R_Butt01	INCLUDE	INCLUDE	IN_MASTER_NON_SEXUAL	groupFile/Body	valvebiped.bip01_r_butt01	MOVE_TO_SEXUAL_BONES	
ValveBiped.Bip01_R_Butt0_JiggleRoot	INCLUDE	INCLUDE	IN_MASTER_NON_SEXUAL	groupFile/Body	valvebiped.bip01_r_butt0_jiggleroot	MOVE_TO_SEXUAL_BONES	
ValveBiped.Bip01_R_ButtHelper	INCLUDE	INCLUDE	IN_MASTER_NON_SEXUAL	groupFile/Body	valvebiped.bip01_r_butthelper	MOVE_TO_SEXUAL_BONES	
ValveBiped.Bip01_R_Nipples	INCLUDE	INCLUDE	IN_MASTER_NON_SEXUAL	groupFile/Body	valvebiped.bip01_r_nipples	MOVE_TO_SEXUAL_BONES	
ValveBiped.Bip01_R_Testicle0	INCLUDE	INCLUDE	IN_MASTER_NON_SEXUAL	groupFile/Body	valvebiped.bip01_r_testicle0	MOVE_TO_SEXUAL_BONES	
ValveBiped.Bip01_R_Testicle01	INCLUDE	INCLUDE	IN_MASTER_NON_SEXUAL	groupFile/Body	valvebiped.bip01_r_testicle01	MOVE_TO_SEXUAL_BONES	
ValveBiped.Bip01_R_Vulva	INCLUDE	INCLUDE	IN_MASTER_NON_SEXUAL	groupFile/Body	valvebiped.bip01_r_vulva	MOVE_TO_SEXUAL_BONES	
ValveBiped.Bip01_R_VulvaB	INCLUDE	INCLUDE	IN_MASTER_NON_SEXUAL	groupFile/Body	valvebiped.bip01_r_vulvab	MOVE_TO_SEXUAL_BONES	
ValveBiped.Bip01_R_VulvaF	INCLUDE	INCLUDE	IN_MASTER_NON_SEXUAL	groupFile/Body	valvebiped.bip01_r_vulvaf	MOVE_TO_SEXUAL_BONES	
ValveBiped.Bip01_rBreast	INCLUDE	INCLUDE	IN_MASTER_NON_SEXUAL	groupFile/Body	valvebiped.bip01_rbreast	MOVE_TO_SEXUAL_BONES	
ValveBiped.Bip01_Vag_Back	INCLUDE	INCLUDE	IN_MASTER_NON_SEXUAL	groupFile/Body	valvebiped.bip01_vag_back	MOVE_TO_SEXUAL_BONES	
ValveBiped.Bip01_Vag_Front	INCLUDE	INCLUDE	IN_MASTER_NON_SEXUAL	groupFile/Body	valvebiped.bip01_vag_front	MOVE_TO_SEXUAL_BONES	
ValveBiped.Bip01_Vag_L_0	INCLUDE	INCLUDE	IN_MASTER_NON_SEXUAL	groupFile/Body	valvebiped.bip01_vag_l_0	MOVE_TO_SEXUAL_BONES	
ValveBiped.Bip01_Vag_L_1	INCLUDE	INCLUDE	IN_MASTER_NON_SEXUAL	groupFile/Body	valvebiped.bip01_vag_l_1	MOVE_TO_SEXUAL_BONES	
ValveBiped.Bip01_Vag_L_2	INCLUDE	INCLUDE	IN_MASTER_NON_SEXUAL	groupFile/Body	valvebiped.bip01_vag_l_2	MOVE_TO_SEXUAL_BONES	
ValveBiped.Bip01_Vag_L_3	INCLUDE	INCLUDE	IN_MASTER_NON_SEXUAL	groupFile/Body	valvebiped.bip01_vag_l_3	MOVE_TO_SEXUAL_BONES	
ValveBiped.Bip01_Vag_R_0	INCLUDE	INCLUDE	IN_MASTER_NON_SEXUAL	groupFile/Body	valvebiped.bip01_vag_r_0	MOVE_TO_SEXUAL_BONES	
ValveBiped.Bip01_Vag_R_1	INCLUDE	INCLUDE	IN_MASTER_NON_SEXUAL	groupFile/Body	valvebiped.bip01_vag_r_1	MOVE_TO_SEXUAL_BONES	
ValveBiped.Bip01_Vag_R_2	INCLUDE	INCLUDE	IN_MASTER_NON_SEXUAL	groupFile/Body	valvebiped.bip01_vag_r_2	MOVE_TO_SEXUAL_BONES	
ValveBiped.Bip01_Vag_R_3	INCLUDE	INCLUDE	IN_MASTER_NON_SEXUAL	groupFile/Body	valvebiped.bip01_vag_r_3	MOVE_TO_SEXUAL_BONES	
ValveBiped.Bip02_L_Breast	INCLUDE	INCLUDE	IN_MASTER_NON_SEXUAL	groupFile/Body	valvebiped.bip02_l_breast	MOVE_TO_SEXUAL_BONES	
ValveBiped.Bip02_L_Butt	INCLUDE	INCLUDE	IN_MASTER_NON_SEXUAL	groupFile/Body	valvebiped.bip02_l_butt	MOVE_TO_SEXUAL_BONES	
ValveBiped.Bip02_R_Breast	INCLUDE	INCLUDE	IN_MASTER_NON_SEXUAL	groupFile/Body	valvebiped.bip02_r_breast	MOVE_TO_SEXUAL_BONES	
ValveBiped.Bip02_R_Butt	INCLUDE	INCLUDE	IN_MASTER_NON_SEXUAL	groupFile/Body	valvebiped.bip02_r_butt	MOVE_TO_SEXUAL_BONES	
ValveBiped.Bip03_L_Breast	INCLUDE	INCLUDE	IN_MASTER_NON_SEXUAL	groupFile/Body	valvebiped.bip03_l_breast	MOVE_TO_SEXUAL_BONES	
ValveBiped.Bip03_R_Breast	INCLUDE	INCLUDE	IN_MASTER_NON_SEXUAL	groupFile/Body	valvebiped.bip03_r_breast	MOVE_TO_SEXUAL_BONES	
ValveBiped.lboob1	INCLUDE	INCLUDE	IN_MASTER_NON_SEXUAL	groupFile/Body	valvebiped.lboob1	MOVE_TO_SEXUAL_BONES	
ValveBiped.leftButt	INCLUDE	INCLUDE	IN_MASTER_NON_SEXUAL	groupFile/Body	valvebiped.leftbutt	MOVE_TO_SEXUAL_BONES	
ValveBiped.rboob1	INCLUDE	INCLUDE	IN_MASTER_NON_SEXUAL	groupFile/Body Morphs	valvebiped.rboob1	MOVE_TO_SEXUAL_BONES	
ValveBiped.rightButt	INCLUDE	INCLUDE	IN_MASTER_NON_SEXUAL	groupFile/Body	valvebiped.rightbutt	MOVE_TO_SEXUAL_BONES	
Clit.Barbell_Front	EXCLUDE	EXCLUDE	IN_MASTER_NON_SEXUAL	groupFile/Clothing	clit.barbell_front	EXCLUDE	
Clit.Barbell_Rear	EXCLUDE	EXCLUDE	IN_MASTER_NON_SEXUAL	groupFile/Clothing	clit.barbell_rear	EXCLUDE	
Flm-ArmA-Breast-L1	EXCLUDE	EXCLUDE	IN_MASTER_NON_SEXUAL	groupFile/Body	flm-arma-breast-l1	EXCLUDE	
Flm-ArmA-Breast-L1H	EXCLUDE	EXCLUDE	IN_MASTER_NON_SEXUAL	groupFile/Body	flm-arma-breast-l1h	EXCLUDE	
Flm-ArmA-Breast-L2	EXCLUDE	EXCLUDE	IN_MASTER_NON_SEXUAL	groupFile/Body	flm-arma-breast-l2	EXCLUDE	
Flm-ArmA-Breast-L2H	EXCLUDE	EXCLUDE	IN_MASTER_NON_SEXUAL	groupFile/Body	flm-arma-breast-l2h	EXCLUDE	
Flm-ArmA-Breast-R1	EXCLUDE	EXCLUDE	IN_MASTER_NON_SEXUAL	groupFile/Body	flm-arma-breast-r1	EXCLUDE	
Flm-ArmA-Breast-R1H	EXCLUDE	EXCLUDE	IN_MASTER_NON_SEXUAL	groupFile/Body	flm-arma-breast-r1h	EXCLUDE	
Flm-ArmA-Breast-R2	EXCLUDE	EXCLUDE	IN_MASTER_NON_SEXUAL	groupFile/Body	flm-arma-breast-r2	EXCLUDE	
Flm-ArmA-Breast-R2H	EXCLUDE	EXCLUDE	IN_MASTER_NON_SEXUAL	groupFile/Body	flm-arma-breast-r2h	EXCLUDE	
NippleChain.Center	EXCLUDE	EXCLUDE	IN_MASTER_NON_SEXUAL	groupFile/Clothing	nipplechain.center	EXCLUDE	
NippleChain.Left	EXCLUDE	EXCLUDE	IN_MASTER_NON_SEXUAL	groupFile/Clothing	nipplechain.left	EXCLUDE	
NippleChain.Right	EXCLUDE	EXCLUDE	IN_MASTER_NON_SEXUAL	groupFile/Clothing	nipplechain.right	EXCLUDE	
NippleRing.Left	EXCLUDE	EXCLUDE	IN_MASTER_NON_SEXUAL	groupFile/Clothing	nipplering.left	EXCLUDE	
NippleRing.Left_jiggle	EXCLUDE	EXCLUDE	IN_MASTER_NON_SEXUAL	groupFile/Clothing	nipplering.left_jiggle	EXCLUDE	
NippleRing.Right	EXCLUDE	EXCLUDE	IN_MASTER_NON_SEXUAL	groupFile/Clothing	nipplering.right	EXCLUDE	
NippleRing.Right_jiggle	EXCLUDE	EXCLUDE	IN_MASTER_NON_SEXUAL	groupFile/Clothing	nipplering.right_jiggle	EXCLUDE	
unused pelvis attached_penis root ground	EXCLUDE	EXCLUDE	IN_MASTER_NON_SEXUAL	groupFile/Useless	unused pelvis attached_penis root ground	EXCLUDE	
unused pelvis attached_penis root hips	EXCLUDE	EXCLUDE	IN_MASTER_NON_SEXUAL	groupFile/Useless	unused pelvis attached_penis root hips	EXCLUDE	
